cat_id,major,cat_label,in_cpi_scope,all_cu,families_kids,married_kids,married_nokids,single_other,single_parent
01,Food,Food at home,TRUE,7.925128923409945,8.218772612129875,8.114627811770921,7.3449321772074825,7.634262286390867,9.159836396850801
02,Food,Food away from home,TRUE,5.023238046730757,5.303896641883324,5.259497292776335,5.039069987709586,4.633573082156679,5.705094007145513
03,Alcohol,Alcoholic beverages,TRUE,0.8187432355000955,0.6566963866341606,0.6594180569617467,1.1253058509138882,0.798770035520526,0.632103076450523
04,Housing,Owned dwellings: mortgage interest and charges,FALSE,4.642516075635067,5.938961851161094,6.133732447066074,4.208057550712055,3.5237775460794882,4.1789934849734065
05,Housing,Owned dwellings: property taxes,FALSE,3.4863436684280895,3.6244875770676432,3.7540168156006515,4.095301453426094,2.9918532525138284,2.4540472379843834
06,Housing,"Owned dwellings: maintenance, repairs, insurance",PARTIAL,3.7257273826956134,3.2445416411304646,3.349914161200863,4.690653647095966,3.578560446745719,2.2923840470763213
07,Housing,Rented dwellings,TRUE,7.206977780607373,4.233825416047973,3.2662763569133246,3.517990235321975,13.158499301959814,12.97670433419015
08,Housing,Other lodging,TRUE,1.715158846374228,1.5405090890974742,1.5644671391468945,2.622706822871447,1.3006520932369625,1.324021533537029
09,Utilities,Natural gas,TRUE,0.6277455911377093,0.5852072963070336,0.579301844433684,0.60324512047989,0.6874370438439924,0.6385696040868455
10,Utilities,Electricity,TRUE,2.333991214108359,2.122026648169476,2.009068098780649,2.2246777994520053,2.6295792319790765,3.1427324312527283
11,Utilities,Fuel oil and other fuels,TRUE,0.15916470363532184,0.13205899100249063,0.1355812827397984,0.20634365803330815,0.16434870199869228,0.10023117836299852
12,Utilities,Telephone services,TRUE,1.859043738460559,1.8072947079312558,1.7625566756173792,1.7285509713937781,1.9598140915758036,2.21155245162229
13,Utilities,Water and other public services,TRUE,1.0517603616222067,0.9971447945563241,0.9878064885328168,1.0734380461623463,1.0885892519483273,1.0815267471749357
14,Household ops,Personal services (childcare proxy),TRUE,0.6965047431081683,1.4842457468983843,1.5230884359730599,0.15560341425462582,0.2915864067718734,1.1332589682655156
15,Household ops,Other household expenses,TRUE,1.7495384223594577,1.5385518477394167,1.4993176915966016,1.8728787759198078,1.9209359040062206,1.8930759655334077
16,Household ops,Housekeeping supplies,TRUE,1.116699560705418,1.0459258325997867,1.0564775278425849,1.2087453629054992,1.0850548712601835,0.9505795625394055
17,Household ops,Household furnishings and equipment,TRUE,3.0737887566053352,2.887974751896042,2.888585640709601,3.4616121866789946,2.9971548235460443,2.882454693890748
18,Apparel,Apparel: men and boys,TRUE,0.5946393327815623,0.6746395000583103,0.6884711889774178,0.5536324376740672,0.5354586742538039,0.5496548490874112
19,Apparel,Apparel: women and girls,TRUE,0.9473483160374355,1.0479695627958414,1.026543997887045,0.9550441440120875,0.8305794617138212,1.2415733061739174
20,Apparel,Apparel: children under 2,TRUE,0.09804545743935825,0.1905431197491819,0.20161112822995994,0.03833707307722665,0.03004223584922332,0.0905313869085148
21,Apparel,Footwear,TRUE,0.5869994270070669,0.6382069659941867,0.6013117929304046,0.5051473158411041,0.5990775266403945,0.9715957773574535
22,Apparel,Other apparel products and services,TRUE,0.3208760425288088,0.24483972982594823,0.2341858520051063,0.3766053649351089,0.33753335571774434,0.34110933281601113
23,Transport,Vehicle purchases (net outlay),PARTIAL,6.795696186413701,7.264762713675318,7.184927587269446,7.267130470080169,6.137452064961917,7.98616163085827
24,Transport,Gasoline and other fuels,TRUE,3.36792512892341,3.5554846225072323,3.5576880750099047,3.1323643826039893,3.2516302330924063,3.535573985159319
25,Transport,Other vehicle expenses,PARTIAL,5.355573947921309,5.414751487630695,5.435576880750099,5.105596085108302,5.407602452860197,5.226570962057649
26,Transport,Public and other transportation,TRUE,1.440122238492392,1.2311882179042046,1.1999823920412027,1.765760483498145,1.457932033859367,1.5131674668994617
27,Health,Health insurance,PARTIAL,5.16330298592984,4.5085084488562694,4.633534357529603,6.513919740209952,4.847403113789386,3.378760689978499
28,Health,Medical services,TRUE,1.5941936716113834,1.5502370440343594,1.5935202711625656,1.6834485324793937,1.6028416420732676,1.1591250788108056
29,Health,Drugs,TRUE,0.8378429999363342,0.6586631187564845,0.6682220363604349,1.0993719485381173,0.8464841748104688,0.57228769581454
30,Health,Medical supplies,TRUE,0.2966830075762399,0.21836313820394948,0.22714266848615575,0.493871706112508,0.24387226748193047,0.13903034418093344
31,Entertainment,Fees and admissions,TRUE,1.1905519831922073,1.492481926251958,1.5327728133116167,1.2369343872269893,0.8676904589393324,1.1284090725382738
32,Entertainment,Audio and visual equipment and services,TRUE,1.2287515120646846,0.9630470407924215,0.9508297750583263,1.3925378014816152,1.4278897980101437,1.0734435876295327
33,Entertainment,"Pets, toys, hobbies, and playground equipment",TRUE,1.3611765454892724,1.4111070414731368,1.4790685389796188,1.5086765816861547,1.2175941470655804,0.7969995311767464
34,Entertainment,"Other entertainment supplies, equipment, services",TRUE,0.8149232826128477,0.7473873324097805,0.7817933706035128,0.9775953634692796,0.7581246576068709,0.43649061545176776
35,Personal care,Personal care products and services,TRUE,1.245304641242758,1.2362282320553055,1.207905973500022,1.2763990212770755,1.237033240850372,1.4921512520814135
36,Reading,Reading,TRUE,0.15916470363532184,0.1618966727332756,0.16639521063520712,0.18040975565753717,0.1413752275257568,0.1212473931810466
37,Education,Education,PARTIAL,1.9978353600305596,2.763196981115372,2.828718580798521,1.4522985330431744,1.5409899800307492,2.1711366538952745
38,Tobacco,Tobacco products and smoking supplies,TRUE,0.4482078054370663,0.28449894072311976,0.2764449531188097,0.36983999909795123,0.6679979500592009,0.3572756519068173
39,Miscellaneous,Miscellaneous,PARTIAL,1.5509008722225759,1.3681649412272907,1.3073909407051987,1.258358045711322,2.0022266598335308,1.917325444169617
40,Out of scope,Cash contributions,FALSE,2.918444005857261,2.1421040593032292,2.1578553506184797,3.8246868199397883,3.2074504744906074,1.9997736715327288
41,Out of scope,Personal insurance and pensions,FALSE,12.474692812121983,14.868814654764508,15.51349209842849,11.849538263781614,10.362804177637974,9.043438899396996
