basket,group,from,to,cum_pct,annualized
all_in,all_cu,2019-12-01,2026-07-01,24.8106071568295,3.424612251341208
all_in,families_kids,2019-12-01,2026-07-01,25.115707875401007,3.4629848907195004
all_in,single_other,2019-12-01,2026-07-01,25.899603011306095,3.561213050609058
all_in,married_kids,2019-12-01,2026-07-01,24.772971772879583,3.4198733239493295
all_in,single_parent,2019-12-01,2026-07-01,27.638718427775146,3.77729932806965
all_in,married_nokids,2019-12-01,2026-07-01,22.805891704736947,3.170480930970898
all_in,all_cu,2020-12-01,2026-07-01,23.313916099139796,3.827206816486317
all_in,families_kids,2020-12-01,2026-07-01,23.685472588084465,3.883204956309383
all_in,single_other,2020-12-01,2026-07-01,24.268257997732245,3.9707604007263697
all_in,married_kids,2020-12-01,2026-07-01,23.356830026951968,3.83368154220447
all_in,single_parent,2020-12-01,2026-07-01,26.10471323313832,4.244475649257451
all_in,married_nokids,2020-12-01,2026-07-01,21.390671442107244,3.5351166246633703
all_in,all_cu,2013-12-01,2026-07-01,35.06598245295718,2.418146980620106
all_in,families_kids,2013-12-01,2026-07-01,34.514687744255944,2.3848552244917665
all_in,single_other,2013-12-01,2026-07-01,37.6417237135501,2.5720529503737044
all_in,married_kids,2013-12-01,2026-07-01,33.99154986675275,2.3531474687457976
all_in,single_parent,2013-12-01,2026-07-01,38.33371924131901,2.6129492557641854
all_in,married_nokids,2013-12-01,2026-07-01,32.516862760482155,2.263148342691723
all_in,all_cu,2010-12-01,2026-07-01,43.867687846922344,2.361850210964489
all_in,families_kids,2010-12-01,2026-07-01,43.21030257627238,2.331766821454795
all_in,single_other,2010-12-01,2026-07-01,46.753516087812066,2.492408374680588
all_in,married_kids,2010-12-01,2026-07-01,42.66328483638819,2.306635421469694
all_in,single_parent,2010-12-01,2026-07-01,47.21184510924088,2.512922279769647
all_in,married_nokids,2010-12-01,2026-07-01,41.0464354976521,2.2318224962084354
ex_shelter,all_cu,2019-12-01,2026-07-01,24.0505768665777,3.32867588980974
ex_shelter,families_kids,2019-12-01,2026-07-01,24.694698829319073,3.4100135612158855
ex_shelter,single_other,2019-12-01,2026-07-01,24.689743783535633,3.409389215184766
ex_shelter,married_kids,2019-12-01,2026-07-01,24.464863030377003,3.381031602989748
ex_shelter,single_parent,2019-12-01,2026-07-01,26.607567857659518,3.649481808975108
ex_shelter,married_nokids,2019-12-01,2026-07-01,22.202918349390966,3.093355761710548
ex_shelter,all_cu,2020-12-01,2026-07-01,22.409863520642737,3.6903742917224314
ex_shelter,families_kids,2020-12-01,2026-07-01,23.113880238891603,3.7970015764251075
ex_shelter,single_other,2020-12-01,2026-07-01,23.06490264702927,3.7895998645237627
ex_shelter,married_kids,2020-12-01,2026-07-01,22.866112634664848,3.759532987746317
ex_shelter,single_parent,2020-12-01,2026-07-01,25.171506457610793,4.105797337837669
ex_shelter,married_nokids,2020-12-01,2026-07-01,20.469427478664915,3.3938564271405625
ex_shelter,all_cu,2013-12-01,2026-07-01,32.11286053156959,2.238331493722212
ex_shelter,families_kids,2013-12-01,2026-07-01,32.33458863243997,2.2519603326774495
ex_shelter,single_other,2013-12-01,2026-07-01,32.94779274833375,2.289542651640808
ex_shelter,married_kids,2013-12-01,2026-07-01,32.205132427770586,2.2440056754952975
ex_shelter,single_parent,2013-12-01,2026-07-01,33.46123507451486,2.3208881906818357
ex_shelter,married_nokids,2013-12-01,2026-07-01,30.692479369652382,2.150522937010524
ex_shelter,all_cu,2010-12-01,2026-07-01,40.46557234772345,2.204749411385176
ex_shelter,families_kids,2010-12-01,2026-07-01,40.68147563618074,2.2148245245331433
ex_shelter,single_other,2010-12-01,2026-07-01,41.34834150845623,2.245852661972858
ex_shelter,married_kids,2010-12-01,2026-07-01,40.59194262247159,2.2106482294537377
ex_shelter,single_parent,2010-12-01,2026-07-01,41.53358772977893,2.2544475416940157
ex_shelter,married_nokids,2010-12-01,2026-07-01,38.9636202147682,2.134257157277064
ex_housing,all_cu,2019-12-01,2026-07-01,24.14886031860295,3.341109933308739
ex_housing,families_kids,2019-12-01,2026-07-01,24.910329572500434,3.4371631223580668
ex_housing,single_other,2019-12-01,2026-07-01,24.83159405518982,3.427254328292495
ex_housing,married_kids,2019-12-01,2026-07-01,24.644346258916137,3.403668053356834
ex_housing,single_parent,2019-12-01,2026-07-01,27.21437655325081,3.7248059357875674
ex_housing,married_nokids,2019-12-01,2026-07-01,22.01819464901853,3.0696635272559503
ex_housing,all_cu,2020-12-01,2026-07-01,22.910896393835145,3.7663099883934015
ex_housing,families_kids,2020-12-01,2026-07-01,23.76664989660908,3.8954209948623086
ex_housing,single_other,2020-12-01,2026-07-01,23.641038191714415,3.8765154199943197
ex_housing,married_kids,2020-12-01,2026-07-01,23.46969241378185,3.8507010626976257
ex_housing,single_parent,2020-12-01,2026-07-01,26.32604506659042,4.277242828570094
ex_housing,married_nokids,2020-12-01,2026-07-01,20.604919456679703,3.41468776442313
ex_housing,all_cu,2013-12-01,2026-07-01,34.34241339970063,2.3744261094265307
ex_housing,families_kids,2013-12-01,2026-07-01,34.30520469346045,2.372171958548175
ex_housing,single_other,2013-12-01,2026-07-01,35.41388215605159,2.43909174018071
ex_housing,married_kids,2013-12-01,2026-07-01,34.15413302113392,2.363013934831315
ex_housing,single_parent,2013-12-01,2026-07-01,35.67534595250914,2.4548001837583655
ex_housing,married_nokids,2013-12-01,2026-07-01,32.95895083183831,2.290225033772164
ex_housing,all_cu,2010-12-01,2026-07-01,44.57200187126462,2.3939387544180457
ex_housing,families_kids,2010-12-01,2026-07-01,44.4483298814756,2.3883148628766504
ex_housing,single_other,2010-12-01,2026-07-01,45.75651291674152,2.4475766142690425
ex_housing,married_kids,2010-12-01,2026-07-01,44.32617909166765,2.3827557218568884
ex_housing,single_parent,2010-12-01,2026-07-01,45.63534948829504,2.442108773058016
ex_housing,married_nokids,2010-12-01,2026-07-01,43.16311149322733,2.3296022856929666
all_in_long,all_cu,2019-12-01,2026-07-01,28.923047553034454,3.9352809255426724
all_in_long,families_kids,2019-12-01,2026-07-01,28.668141133465742,3.9040321238668296
all_in_long,single_other,2019-12-01,2026-07-01,29.64602288706475,4.02362578800477
all_in_long,married_kids,2019-12-01,2026-07-01,28.48576852531608,3.881642958008946
all_in_long,single_parent,2019-12-01,2026-07-01,29.973591249844155,4.063515939085871
all_in_long,married_nokids,2019-12-01,2026-07-01,28.173939015825166,3.8432983650890318
all_in_long,all_cu,2020-12-01,2026-07-01,27.711720468777546,4.481321556671558
all_in_long,families_kids,2020-12-01,2026-07-01,27.509289868948116,4.451621806647754
all_in_long,single_other,2020-12-01,2026-07-01,28.241055853557494,4.558801158048453
all_in_long,married_kids,2020-12-01,2026-07-01,27.35090974443979,4.428357957293039
all_in_long,single_parent,2020-12-01,2026-07-01,28.64420225143045,4.617634395853432
all_in_long,married_nokids,2020-12-01,2026-07-01,27.129693862785587,4.395824624363853
all_in_long,all_cu,2013-12-01,2026-07-01,36.49042206476582,2.503590807138134
all_in_long,families_kids,2013-12-01,2026-07-01,35.71210511844167,2.4570063974749257
all_in_long,single_other,2013-12-01,2026-07-01,39.04443785497966,2.654756516502488
all_in_long,married_kids,2013-12-01,2026-07-01,35.2445905978634,2.4289060007134156
all_in_long,single_parent,2013-12-01,2026-07-01,38.982886895369106,2.651143636861697
all_in_long,married_nokids,2013-12-01,2026-07-01,34.289512131596055,2.37122111078516
all_in_long,all_cu,2010-12-01,2026-07-01,44.83853285416743,2.4060437613286245
all_in_long,families_kids,2010-12-01,2026-07-01,44.09970170598745,2.3724369676428214
all_in_long,single_other,2010-12-01,2026-07-01,47.7517366673857,2.537010232550818
all_in_long,married_kids,2010-12-01,2026-07-01,43.58274668751938,2.34882650771151
all_in_long,single_parent,2010-12-01,2026-07-01,47.70631382666743,2.534986810556239
all_in_long,married_nokids,2010-12-01,2026-07-01,42.048265437319785,2.2782719338077406
ex_shelter_long,all_cu,2019-12-01,2026-07-01,28.934809977514007,3.936721607905813
ex_shelter_long,families_kids,2019-12-01,2026-07-01,28.761084085448907,3.91543201260951
ex_shelter_long,single_other,2019-12-01,2026-07-01,29.42506797795601,3.9966703572906326
ex_shelter_long,married_kids,2019-12-01,2026-07-01,28.68244401171294,3.9057868934891937
ex_shelter_long,single_parent,2019-12-01,2026-07-01,29.44912103177981,3.9996066057073065
ex_shelter_long,married_nokids,2019-12-01,2026-07-01,28.42915998187592,3.8746878692809794
ex_shelter_long,all_cu,2020-12-01,2026-07-01,27.60556395676188,4.465751550487962
ex_shelter_long,families_kids,2020-12-01,2026-07-01,27.466607280098575,4.445354660426859
ex_shelter_long,single_other,2020-12-01,2026-07-01,28.092045053021163,4.537016813583206
ex_shelter_long,married_kids,2020-12-01,2026-07-01,27.371996815489787,4.431456726230509
ex_shelter_long,single_parent,2020-12-01,2026-07-01,28.279637540627522,4.564438146623817
ex_shelter_long,married_nokids,2020-12-01,2026-07-01,27.044673262306617,4.383308623975024
ex_shelter_long,all_cu,2013-12-01,2026-07-01,33.571805796676934,2.3276239796123033
ex_shelter_long,families_kids,2013-12-01,2026-07-01,33.54871420889729,2.3262177016986074
ex_shelter_long,single_other,2013-12-01,2026-07-01,34.319078339763664,2.3730125089388876
ex_shelter_long,married_kids,2013-12-01,2026-07-01,33.51386887888916,2.324095196996767
ex_shelter_long,single_parent,2013-12-01,2026-07-01,33.900306569125526,2.3476054801646162
ex_shelter_long,married_nokids,2013-12-01,2026-07-01,32.64664583129817,2.271105814043284
ex_shelter_long,all_cu,2010-12-01,2026-07-01,41.36646503183188,2.24669400519637
ex_shelter_long,families_kids,2010-12-01,2026-07-01,41.52502572818912,2.254050522112272
ex_shelter_long,single_other,2010-12-01,2026-07-01,42.16952425909237,2.2838732362226555
ex_shelter_long,married_kids,2010-12-01,2026-07-01,41.510237486701484,2.2533647391588474
ex_shelter_long,single_parent,2010-12-01,2026-07-01,41.741463255661124,2.2640798285589625
ex_shelter_long,married_nokids,2010-12-01,2026-07-01,40.030631140148884,2.1844088277917173
pm_all_in,all_cu,2019-12-01,2026-07-01,27.630454782674253,3.7762784843270003
pm_all_in,families_kids,2019-12-01,2026-07-01,27.549672008445114,3.7662960861266637
pm_all_in,single_other,2019-12-01,2026-07-01,28.409886664755835,3.8723193007432544
pm_all_in,married_kids,2019-12-01,2026-07-01,27.336025329551305,3.7398697139897408
pm_all_in,single_parent,2019-12-01,2026-07-01,29.12865825154405,3.9604484438603427
pm_all_in,married_nokids,2019-12-01,2026-07-01,26.607828474837447,3.649514225457695
pm_all_in,all_cu,2020-12-01,2026-07-01,26.347879194915457,4.280472718631567
pm_all_in,families_kids,2020-12-01,2026-07-01,26.327212724806117,4.2774155701060135
pm_all_in,single_other,2020-12-01,2026-07-01,26.957166082901995,4.370419389459279
pm_all_in,married_kids,2020-12-01,2026-07-01,26.133943302537,4.2488057331760976
pm_all_in,single_parent,2020-12-01,2026-07-01,27.75772076175982,4.488065134238162
pm_all_in,married_nokids,2020-12-01,2026-07-01,25.449595551583258,4.147211017807395
pm_all_in,all_cu,2013-12-01,2026-07-01,36.529613531331776,2.5059300522941808
pm_all_in,families_kids,2013-12-01,2026-07-01,35.76171383445504,2.4599829442692567
pm_all_in,single_other,2013-12-01,2026-07-01,38.89015633966093,2.6456978149183463
pm_all_in,married_kids,2013-12-01,2026-07-01,35.32964955489173,2.4340251961633363
pm_all_in,single_parent,2013-12-01,2026-07-01,38.88815551554438,2.645580274891235
pm_all_in,married_nokids,2013-12-01,2026-07-01,34.64122492071156,2.3925076815530577
pm_ex_shelter,all_cu,2019-12-01,2026-07-01,27.40818978374808,3.748800077963943
pm_ex_shelter,families_kids,2019-12-01,2026-07-01,27.480506938822025,3.7577450364321585
pm_ex_shelter,single_other,2019-12-01,2026-07-01,27.892781333966088,3.8086574965357833
pm_ex_shelter,married_kids,2019-12-01,2026-07-01,27.370198664803258,3.7440992051384736
pm_ex_shelter,single_parent,2019-12-01,2026-07-01,28.442662214498824,3.876347028547533
pm_ex_shelter,married_nokids,2019-12-01,2026-07-01,26.594369631051396,3.6478400930564536
pm_ex_shelter,all_cu,2020-12-01,2026-07-01,26.00966227337109,4.2303892931687015
pm_ex_shelter,families_kids,2020-12-01,2026-07-01,26.127517133156687,4.2478538439548075
pm_ex_shelter,single_other,2020-12-01,2026-07-01,26.491559774074002,4.301715753498381
pm_ex_shelter,married_kids,2020-12-01,2026-07-01,26.002194340004657,4.2292821913748835
pm_ex_shelter,single_parent,2020-12-01,2026-07-01,27.209222171693636,4.4075258796236305
pm_ex_shelter,married_nokids,2020-12-01,2026-07-01,25.130706090457867,4.099714900344176
pm_ex_shelter,all_cu,2013-12-01,2026-07-01,33.8657828993193,2.3455076548557052
pm_ex_shelter,families_kids,2013-12-01,2026-07-01,33.75770372324798,2.33893701941037
pm_ex_shelter,single_other,2013-12-01,2026-07-01,34.544858575974935,2.386680435901223
pm_ex_shelter,married_kids,2013-12-01,2026-07-01,33.72714745817065,2.337078475859089
pm_ex_shelter,single_parent,2013-12-01,2026-07-01,34.098655508800405,2.3596484830747055
pm_ex_shelter,married_nokids,2013-12-01,2026-07-01,33.18931571088368,2.3043014290500707
oer_all_in,all_cu,2019-12-01,2026-07-01,27.364530702626144,3.743397771680357
oer_all_in,families_kids,2019-12-01,2026-07-01,27.456467162031274,3.754772017567376
oer_all_in,single_other,2019-12-01,2026-07-01,28.063887754650473,3.8297468547680236
oer_all_in,married_kids,2019-12-01,2026-07-01,27.268015063190965,3.731449502025952
oer_all_in,single_parent,2019-12-01,2026-07-01,28.962703973698332,3.940137667913235
oer_all_in,married_nokids,2019-12-01,2026-07-01,26.307278081816676,3.612093056267973
oer_all_in,all_cu,2020-12-01,2026-07-01,25.531895303238116,4.159452839611921
oer_all_in,families_kids,2020-12-01,2026-07-01,25.695904755710952,4.183829083654023
oer_all_in,single_other,2020-12-01,2026-07-01,26.142619187209483,4.250090802840334
oer_all_in,married_kids,2020-12-01,2026-07-01,25.505267720218928,4.155492793843862
oer_all_in,single_parent,2020-12-01,2026-07-01,27.219538087449745,4.409043253442091
oer_all_in,married_nokids,2020-12-01,2026-07-01,24.489226827373113,4.003869805607541
oer_all_in,all_cu,2013-12-01,2026-07-01,41.162723992170754,2.778205765254449
oer_all_in,families_kids,2013-12-01,2026-07-01,40.38186873282559,2.7328988537619114
oer_all_in,single_other,2013-12-01,2026-07-01,42.86217742516178,2.8760196138775784
oer_all_in,married_kids,2013-12-01,2026-07-01,40.181766505990055,2.7212511520062765
oer_all_in,single_parent,2013-12-01,2026-07-01,41.9784016634706,2.8252874517764814
oer_all_in,married_nokids,2013-12-01,2026-07-01,40.23787308255877,2.7245185892986745
pm_oer_all_in,all_cu,2019-12-01,2026-07-01,29.618593857648023,4.0202816980218214
pm_oer_all_in,families_kids,2019-12-01,2026-07-01,29.42161330177211,3.9962485937290904
pm_oer_all_in,single_other,2019-12-01,2026-07-01,30.107703996290724,4.079823133662286
pm_oer_all_in,married_kids,2019-12-01,2026-07-01,29.320207076877814,3.983864176401797
pm_oer_all_in,single_parent,2019-12-01,2026-07-01,30.245188290647263,4.096525494804193
pm_oer_all_in,married_nokids,2019-12-01,2026-07-01,29.217896486072647,3.971360962697279
pm_oer_all_in,all_cu,2020-12-01,2026-07-01,27.95117834874521,4.516403945038827
pm_oer_all_in,families_kids,2020-12-01,2026-07-01,27.82221848811879,4.497517053909328
pm_oer_all_in,single_other,2020-12-01,2026-07-01,28.328058941014355,4.571510800558531
pm_oer_all_in,married_kids,2020-12-01,2026-07-01,27.721320409121564,4.482729058876744
pm_oer_all_in,single_parent,2020-12-01,2026-07-01,28.641512700117744,4.617242397463683
pm_oer_all_in,married_nokids,2020-12-01,2026-07-01,27.589766079401556,4.4634335625527655
pm_oer_all_in,all_cu,2013-12-01,2026-07-01,42.32978357233239,2.8454928567313242
pm_oer_all_in,families_kids,2013-12-01,2026-07-01,41.386628754086566,2.7911546449859825
pm_oer_all_in,single_other,2013-12-01,2026-07-01,43.87284550149522,2.933683000669096
pm_oer_all_in,married_kids,2013-12-01,2026-07-01,41.2570550326049,2.7836634293024964
pm_oer_all_in,single_parent,2013-12-01,2026-07-01,42.423840823523506,2.8508936108908367
pm_oer_all_in,married_nokids,2013-12-01,2026-07-01,41.857606580871256,2.818330776431366
