cat_id,contrib,contrib_raw,mean_dw,price_chg,rel_chg,basket,from,to,gap,residual,allcu_chg,max_link_check,block,cat_label,window
01,0.03938102088407398,0.376222730296471,1.0702548773133498,33.04777662874887,3.429182771100848,pm_oer_all_in,2019-12-01,2026-07-01,-0.6860906945186374,-0.032056721447296765,29.618593857648023,1.0685896612017132e-15,Food,Food at home,"2019-2026, CPI concept (headline)"
02,0.03707576293262595,0.23340186819562403,0.7026313955825457,37.76095363061391,8.14235977296589,pm_oer_all_in,2019-12-01,2026-07-01,-0.6860906945186374,-0.032056721447296765,29.618593857648023,1.0685896612017132e-15,Food,Food away from home,"2019-2026, CPI concept (headline)"
03,0.02503575492867496,-0.03657912303915282,-0.20625548782901673,19.41900689884706,-10.199586958800964,pm_oer_all_in,2019-12-01,2026-07-01,-0.6860906945186374,-0.032056721447296765,29.618593857648023,1.0685896612017132e-15,Alcohol and tobacco,Alcoholic beverages,"2019-2026, CPI concept (headline)"
07,-0.2553623423885311,-2.4167100325734032,-7.501407894438878,33.00998548052352,3.3913916228754957,pm_oer_all_in,2019-12-01,2026-07-01,-0.6860906945186374,-0.032056721447296765,29.618593857648023,1.0685896612017132e-15,Rent,Rented dwellings,"2019-2026, CPI concept (headline)"
08,-0.03115723420197921,0.08833237608330538,0.40948337540077057,32.12412765092485,2.5055337932768253,pm_oer_all_in,2019-12-01,2026-07-01,-0.6860906945186374,-0.032056721447296765,29.618593857648023,1.0685896612017132e-15,Owners' housing and lodging,Other lodging,"2019-2026, CPI concept (headline)"
09,-0.014333626547548618,-0.03935413372579819,-0.07551368014306342,54.90694031741652,25.288346459768498,pm_oer_all_in,2019-12-01,2026-07-01,-0.6860906945186374,-0.032056721447296765,29.618593857648023,1.0685896612017132e-15,Utilities and phone,Natural gas,"2019-2026, CPI concept (headline)"
10,-0.06459801775415422,-0.17825464247178244,-0.3868008259666917,48.609846227202304,18.99125236955428,pm_oer_all_in,2019-12-01,2026-07-01,-0.6860906945186374,-0.032056721447296765,29.618593857648023,1.0685896612017132e-15,Utilities and phone,Electricity,"2019-2026, CPI concept (headline)"
11,-0.026533326173487824,-0.037694273648464054,-0.031695316176438136,50.94811679714786,21.32952293949984,pm_oer_all_in,2019-12-01,2026-07-01,-0.6860906945186374,-0.032056721447296765,29.618593857648023,1.0685896612017132e-15,Utilities and phone,Fuel oil and other fuels,"2019-2026, CPI concept (headline)"
12,-0.011369643105789634,-4.1251564921948066e-4,0.0344593876871578,1.1740339140739353,-28.444559943574088,pm_oer_all_in,2019-12-01,2026-07-01,-0.6860906945186374,-0.032056721447296765,29.618593857648023,1.0685896612017132e-15,Utilities and phone,Telephone services,"2019-2026, CPI concept (headline)"
13,-3.362222437610648e-6,-0.01660190385773454,-0.04957639305998727,34.491269030201806,4.872675172553784,pm_oer_all_in,2019-12-01,2026-07-01,-0.6860906945186374,-0.032056721447296765,29.618593857648023,1.0685896612017132e-15,Utilities and phone,Water and other public services,"2019-2026, CPI concept (headline)"
14,0.004911114940280466,0.38421224836069245,1.3013901324737065,29.78369546821511,0.16510161056708839,pm_oer_all_in,2019-12-01,2026-07-01,-0.6860906945186374,-0.032056721447296765,29.618593857648023,1.0685896612017132e-15,Childcare,Personal services (childcare proxy),"2019-2026, CPI concept (headline)"
15,0.07328028607726102,-0.008263579333738374,-0.26172565571538886,4.209437636027213,-25.409156221620808,pm_oer_all_in,2019-12-01,2026-07-01,-0.6860906945186374,-0.032056721447296765,29.618593857648023,1.0685896612017132e-15,Everything else,Other household expenses,"2019-2026, CPI concept (headline)"
16,0.004236125085683291,0.03050718116551613,0.05481391290773528,28.002944965948974,-1.615648891699049,pm_oer_all_in,2019-12-01,2026-07-01,-0.6860906945186374,-0.032056721447296765,29.618593857648023,1.0685896612017132e-15,Everything else,Housekeeping supplies,"2019-2026, CPI concept (headline)"
17,-0.0629023479327068,-0.0224734306821244,0.23562042295344385,18.43297361934755,-11.185620238300473,pm_oer_all_in,2019-12-01,2026-07-01,-0.6860906945186374,-0.032056721447296765,29.618593857648023,1.0685896612017132e-15,Everything else,Household furnishings and equipment,"2019-2026, CPI concept (headline)"
18,-0.011411925169793283,0.03785101841343258,0.17156377485036714,16.266163888938223,-13.3524299687098,pm_oer_all_in,2019-12-01,2026-07-01,-0.6860906945186374,-0.032056721447296765,29.618593857648023,1.0685896612017132e-15,Apparel,Apparel: men and boys,"2019-2026, CPI concept (headline)"
19,-0.03414514930604999,0.020699417190290843,0.19071238996868844,7.758281145377821,-21.8603127122702,pm_oer_all_in,2019-12-01,2026-07-01,-0.6860906945186374,-0.032056721447296765,29.618593857648023,1.0685896612017132e-15,Apparel,Apparel: women and girls,"2019-2026, CPI concept (headline)"
20,-0.03187559928965075,0.0033784013390307996,0.12522167092202355,4.036570639986148,-25.582023217661874,pm_oer_all_in,2019-12-01,2026-07-01,-0.6860906945186374,-0.032056721447296765,29.618593857648023,1.0685896612017132e-15,Apparel,Apparel: children under 2,"2019-2026, CPI concept (headline)"
21,-0.022249620715145385,0.019137453372587578,0.1276575072372507,11.290203327171966,-18.328390530476057,pm_oer_all_in,2019-12-01,2026-07-01,-0.6860906945186374,-0.032056721447296765,29.618593857648023,1.0685896612017132e-15,Apparel,Footwear,"2019-2026, CPI concept (headline)"
22,-0.007326865813074379,-0.027486177083712895,-0.06625937148678458,40.03973140031092,10.421137542662898,pm_oer_all_in,2019-12-01,2026-07-01,-0.6860906945186374,-0.032056721447296765,29.618593857648023,1.0685896612017132e-15,Apparel,Other apparel products and services,"2019-2026, CPI concept (headline)"
23,-0.07889782472248326,0.50453015343271,1.8725786658069037,26.56046495533142,-3.0581289023166036,pm_oer_all_in,2019-12-01,2026-07-01,-0.6860906945186374,-0.032056721447296765,29.618593857648023,1.0685896612017132e-15,"Vehicles, gas, transport",Vehicle purchases (net outlay),"2019-2026, CPI concept (headline)"
24,0.17471020274230753,0.29590718286079404,0.41233738747610765,53.27665527023457,23.658061412586548,pm_oer_all_in,2019-12-01,2026-07-01,-0.6860906945186374,-0.032056721447296765,29.618593857648023,1.0685896612017132e-15,"Vehicles, gas, transport",Gasoline and other fuels,"2019-2026, CPI concept (headline)"
25,-0.02524948543912614,0.031819420703488324,0.18912088788216863,42.83107000644297,13.212476148794948,pm_oer_all_in,2019-12-01,2026-07-01,-0.6860906945186374,-0.032056721447296765,29.618593857648023,1.0685896612017132e-15,"Vehicles, gas, transport",Other vehicle expenses,"2019-2026, CPI concept (headline)"
26,-0.048388026259480826,-0.04045769802229612,0.04702531518645372,17.541908793074555,-12.076685064573468,pm_oer_all_in,2019-12-01,2026-07-01,-0.6860906945186374,-0.032056721447296765,29.618593857648023,1.0685896612017132e-15,"Vehicles, gas, transport",Public and other transportation,"2019-2026, CPI concept (headline)"
31,-0.05677849847382451,0.17552793046747148,0.7939297589709718,21.782536934905927,-7.836056922742095,pm_oer_all_in,2019-12-01,2026-07-01,-0.6860906945186374,-0.032056721447296765,29.618593857648023,1.0685896612017132e-15,Everything else,Fees and admissions,"2019-2026, CPI concept (headline)"
32,0.0490618976222754,-0.07220423428515822,-0.3870625678450621,18.139335098927667,-11.479258758720356,pm_oer_all_in,2019-12-01,2026-07-01,-0.6860906945186374,-0.032056721447296765,29.618593857648023,1.0685896612017132e-15,Everything else,Audio and visual equipment and services,"2019-2026, CPI concept (headline)"
33,0.016019218060536345,0.05689844857425097,0.08555559464152256,23.6537933001189,-5.964800557529124,pm_oer_all_in,2019-12-01,2026-07-01,-0.6860906945186374,-0.032056721447296765,29.618593857648023,1.0685896612017132e-15,Everything else,"Pets, toys, hobbies, and playground equipment","2019-2026, CPI concept (headline)"
34,-0.10175887752456696,-0.0201186982458825,0.2924329071237609,12.773546679635949,-16.845047178012074,pm_oer_all_in,2019-12-01,2026-07-01,-0.6860906945186374,-0.032056721447296765,29.618593857648023,1.0685896612017132e-15,Everything else,"Other entertainment supplies, equipment, services","2019-2026, CPI concept (headline)"
35,-3.033273446418028e-4,0.007437575589494677,0.025543752411339084,25.693448309543964,-3.9251455481040587,pm_oer_all_in,2019-12-01,2026-07-01,-0.6860906945186374,-0.032056721447296765,29.618593857648023,1.0685896612017132e-15,Everything else,Personal care products and services,"2019-2026, CPI concept (headline)"
36,0.0069870814014272925,-0.006703792365188416,-0.03944078807279001,15.11530777610548,-14.503286081542543,pm_oer_all_in,2019-12-01,2026-07-01,-0.6860906945186374,-0.032056721447296765,29.618593857648023,1.0685896612017132e-15,Everything else,Reading,"2019-2026, CPI concept (headline)"
37,-0.17503198638324824,0.19506267462108373,1.2832739896086913,14.27012284480018,-15.348471012847842,pm_oer_all_in,2019-12-01,2026-07-01,-0.6860906945186374,-0.032056721447296765,29.618593857648023,1.0685896612017132e-15,Education,Education,"2019-2026, CPI concept (headline)"
38,-0.08984057315474463,-0.21204343578427845,-0.4277825754163534,53.635530117804024,24.016936260156,pm_oer_all_in,2019-12-01,2026-07-01,-0.6860906945186374,-0.032056721447296765,29.618593857648023,1.0685896612017132e-15,Alcohol and tobacco,Tobacco products and smoking supplies,"2019-2026, CPI concept (headline)"
39,0.01727321554481539,-0.07353016072331828,-0.3151078724549402,26.02512351401982,-3.5934703436282014,pm_oer_all_in,2019-12-01,2026-07-01,-0.6860906945186374,-0.032056721447296765,29.618593857648023,1.0685896612017132e-15,Everything else,Miscellaneous,"2019-2026, CPI concept (headline)"
H0,0.018443510955096564,0.16381744877304216,0.6811162001788627,33.87801904231726,4.25942518466924,pm_oer_all_in,2019-12-01,2026-07-01,-0.6860906945186374,-0.032056721447296765,29.618593857648023,1.0685896612017132e-15,Owners' housing and lodging,Owners' equivalent rent,"2019-2026, CPI concept (headline)"
M0,0.029068495676066324,-0.0698896710193737,-0.3580948779784355,16.410080305377384,-13.208513552270638,pm_oer_all_in,2019-12-01,2026-07-01,-0.6860906945186374,-0.032056721447296765,29.618593857648023,1.0685896612017132e-15,Medical,Medical care (pooled),"2019-2026, CPI concept (headline)"
01,-0.09556928443806578,-0.0026170938239911262,1.0009672868849802,-0.29159809780686663,-9.362264263771525,pm_oer_all_in,2014-12-01,2019-12-01,-1.051945671729615,-0.04573952365079781,9.070666165964658,4.996003610813204e-16,Food,Food at home,"2014-2019, CPI concept"
02,0.029367235441718226,0.08557593899313307,0.6241394941261157,14.032490460281522,4.961824294316864,pm_oer_all_in,2014-12-01,2019-12-01,-1.051945671729615,-0.04573952365079781,9.070666165964658,4.996003610813204e-16,Food,Food away from home,"2014-2019, CPI concept"
03,0.01097504944765237,-0.02009536878496067,-0.36195307146184336,5.654034229828908,-3.41663193613575,pm_oer_all_in,2014-12-01,2019-12-01,-1.051945671729615,-0.04573952365079781,9.070666165964658,4.996003610813204e-16,Alcohol and tobacco,Alcoholic beverages,"2014-2019, CPI concept"
07,-0.6811265330424224,-1.3059889535913665,-6.869623143915937,19.907503008466264,10.836836842501606,pm_oer_all_in,2014-12-01,2019-12-01,-1.051945671729615,-0.04573952365079781,9.070666165964658,4.996003610813204e-16,Rent,Rented dwellings,"2014-2019, CPI concept"
08,-0.004514129616866348,0.014373349100625,0.23372396019545802,6.333619118293199,-2.7370470476714592,pm_oer_all_in,2014-12-01,2019-12-01,-1.051945671729615,-0.04573952365079781,9.070666165964658,4.996003610813204e-16,Owners' housing and lodging,Other lodging,"2014-2019, CPI concept"
09,0.005672368990585385,-0.0013574511607882828,-0.07309716944040164,-5.060467557460591,-14.131133723425249,pm_oer_all_in,2014-12-01,2019-12-01,-1.051945671729615,-0.04573952365079781,9.070666165964658,4.996003610813204e-16,Utilities and phone,Natural gas,"2014-2019, CPI concept"
10,0.022185568678109783,-0.011514878218776402,-0.36035725234043803,2.6679720964386977,-6.40269406952596,pm_oer_all_in,2014-12-01,2019-12-01,-1.051945671729615,-0.04573952365079781,9.070666165964658,4.996003610813204e-16,Utilities and phone,Electricity,"2014-2019, CPI concept"
11,4.4508703014171604e-4,-0.003841017299556461,-0.04678050090473079,-3.373748023194534,-12.444414189159192,pm_oer_all_in,2014-12-01,2019-12-01,-1.051945671729615,-0.04573952365079781,9.070666165964658,4.996003610813204e-16,Utilities and phone,Fuel oil and other fuels,"2014-2019, CPI concept"
12,-0.010806055173178692,-0.0047418470362109565,0.07512645073508468,-9.244702665755112,-18.31536883171977,pm_oer_all_in,2014-12-01,2019-12-01,-1.051945671729615,-0.04573952365079781,9.070666165964658,4.996003610813204e-16,Utilities and phone,Telephone services,"2014-2019, CPI concept"
13,6.562323682937114e-4,-1.8369324759109134e-4,-0.0035099061353993655,18.21893474170775,9.14826857574309,pm_oer_all_in,2014-12-01,2019-12-01,-1.051945671729615,-0.04573952365079781,9.070666165964658,4.996003610813204e-16,Utilities and phone,Water and other public services,"2014-2019, CPI concept"
14,0.069425636798696,0.1951204949717532,1.3784288251729515,14.732317895137804,5.661651729173146,pm_oer_all_in,2014-12-01,2019-12-01,-1.051945671729615,-0.04573952365079781,9.070666165964658,4.996003610813204e-16,Childcare,Personal services (childcare proxy),"2014-2019, CPI concept"
15,0.010016873511245458,-0.0038096311603111003,-0.1443914416010816,1.8206747347646601,-7.249991431199998,pm_oer_all_in,2014-12-01,2019-12-01,-1.051945671729615,-0.04573952365079781,9.070666165964658,4.996003610813204e-16,Everything else,Other household expenses,"2014-2019, CPI concept"
16,-0.007880619801744806,-0.0019333040435096827,0.06486975674418684,1.8685680918427483,-7.20209807412191,pm_oer_all_in,2014-12-01,2019-12-01,-1.051945671729615,-0.04573952365079781,9.070666165964658,4.996003610813204e-16,Everything else,Housekeeping supplies,"2014-2019, CPI concept"
17,-0.04539996833730124,-0.018665514942714987,0.29662416875575137,-5.40311568541224,-14.473781851376899,pm_oer_all_in,2014-12-01,2019-12-01,-1.051945671729615,-0.04573952365079781,9.070666165964658,4.996003610813204e-16,Everything else,Household furnishings and equipment,"2014-2019, CPI concept"
18,-0.041562094107017146,-0.013462632833476311,0.290467376791721,-3.128203802779239,-12.198869968743898,pm_oer_all_in,2014-12-01,2019-12-01,-1.051945671729615,-0.04573952365079781,9.070666165964658,4.996003610813204e-16,Apparel,Apparel: men and boys,"2014-2019, CPI concept"
19,-0.02416989857576342,-0.01057656339280318,0.15270717261980365,-7.563759488831934,-16.634425654796594,pm_oer_all_in,2014-12-01,2019-12-01,-1.051945671729615,-0.04573952365079781,9.070666165964658,4.996003610813204e-16,Apparel,Apparel: women and girls,"2014-2019, CPI concept"
20,-0.016269333545814276,-0.0028858962680481694,0.14455758388016435,-1.8123306233062908,-10.88299678927095,pm_oer_all_in,2014-12-01,2019-12-01,-1.051945671729615,-0.04573952365079781,9.070666165964658,4.996003610813204e-16,Apparel,Apparel: children under 2,"2014-2019, CPI concept"
21,-0.021526200739687605,-0.0020511272772233955,0.2261384613069512,-0.7521555677855951,-9.822821733750253,pm_oer_all_in,2014-12-01,2019-12-01,-1.051945671729615,-0.04573952365079781,9.070666165964658,4.996003610813204e-16,Apparel,Footwear,"2014-2019, CPI concept"
22,-3.6421810163260194e-4,-0.008844618038604434,-0.08945996361199018,9.790340058739666,0.7196738927750079,pm_oer_all_in,2014-12-01,2019-12-01,-1.051945671729615,-0.04573952365079781,9.070666165964658,4.996003610813204e-16,Apparel,Other apparel products and services,"2014-2019, CPI concept"
23,-0.17984957569410165,-0.028122150870537606,1.686361417762173,-1.367478191676963,-10.43814435764162,pm_oer_all_in,2014-12-01,2019-12-01,-1.051945671729615,-0.04573952365079781,9.070666165964658,4.996003610813204e-16,"Vehicles, gas, transport",Vehicle purchases (net outlay),"2014-2019, CPI concept"
24,-0.0463369869819302,-0.011198395486935596,0.4042924925417174,2.2312526369551833,-6.839413529009475,pm_oer_all_in,2014-12-01,2019-12-01,-1.051945671729615,-0.04573952365079781,9.070666165964658,4.996003610813204e-16,"Vehicles, gas, transport",Gasoline and other fuels,"2014-2019, CPI concept"
25,0.01422937182659544,0.014134450870241979,0.006693234854115437,16.529875285622133,7.459209119657475,pm_oer_all_in,2014-12-01,2019-12-01,-1.051945671729615,-0.04573952365079781,9.070666165964658,4.996003610813204e-16,"Vehicles, gas, transport",Other vehicle expenses,"2014-2019, CPI concept"
26,-0.0037914737179176594,-0.0010935755511874074,0.0425707153256372,-5.44702211368886,-14.517688279653518,pm_oer_all_in,2014-12-01,2019-12-01,-1.051945671729615,-0.04573952365079781,9.070666165964658,4.996003610813204e-16,"Vehicles, gas, transport",Public and other transportation,"2014-2019, CPI concept"
31,0.02960439186902779,0.09204419063079952,0.6786190024683056,13.933115802440032,4.8624496364753735,pm_oer_all_in,2014-12-01,2019-12-01,-1.051945671729615,-0.04573952365079781,9.070666165964658,4.996003610813204e-16,Everything else,Fees and admissions,"2014-2019, CPI concept"
32,0.008631605712595752,-0.029348261932577224,-0.4098059959879821,6.73817338671181,-2.3324927792528483,pm_oer_all_in,2014-12-01,2019-12-01,-1.051945671729615,-0.04573952365079781,9.070666165964658,4.996003610813204e-16,Everything else,Audio and visual equipment and services,"2014-2019, CPI concept"
33,0.002137441838127835,-0.0010170724233351282,-0.05098483143590835,-3.2973707358039173,-12.368036901768576,pm_oer_all_in,2014-12-01,2019-12-01,-1.051945671729615,-0.04573952365079781,9.070666165964658,4.996003610813204e-16,Everything else,"Pets, toys, hobbies, and playground equipment","2014-2019, CPI concept"
34,-0.029520276234948406,-0.0027691831212064547,0.2851925535652466,-1.3594342302618023,-10.430100396226461,pm_oer_all_in,2014-12-01,2019-12-01,-1.051945671729615,-0.04573952365079781,9.070666165964658,4.996003610813204e-16,Everything else,"Other entertainment supplies, equipment, services","2014-2019, CPI concept"
35,-0.0019177259981387623,0.0014608273369604795,0.0313726903013482,4.614040765206107,-4.4566254007585515,pm_oer_all_in,2014-12-01,2019-12-01,-1.051945671729615,-0.04573952365079781,9.070666165964658,4.996003610813204e-16,Everything else,Personal care products and services,"2014-2019, CPI concept"
36,-9.229654159830015e-4,-0.004967396462806394,-0.0449978488747422,8.892642768518733,-0.17802339744592466,pm_oer_all_in,2014-12-01,2019-12-01,-1.051945671729615,-0.04573952365079781,9.070666165964658,4.996003610813204e-16,Everything else,Reading,"2014-2019, CPI concept"
37,0.0393072437720822,0.1473207829226391,1.1637776364245724,13.512674814685987,4.442008648721329,pm_oer_all_in,2014-12-01,2019-12-01,-1.051945671729615,-0.04573952365079781,9.070666165964658,4.996003610813204e-16,Education,Education,"2014-2019, CPI concept"
38,-0.06559401629534885,-0.10582677673808025,-0.4564970732161316,24.531174313196292,15.460508147231634,pm_oer_all_in,2014-12-01,2019-12-01,-1.051945671729615,-0.04573952365079781,9.070666165964658,4.996003610813204e-16,Alcohol and tobacco,Tobacco products and smoking supplies,"2014-2019, CPI concept"
39,0.001829583730096362,-0.021156741780171774,-0.25643408217869323,8.570215759828592,-0.500450406136066,pm_oer_all_in,2014-12-01,2019-12-01,-1.051945671729615,-0.04573952365079781,9.070666165964658,4.996003610813204e-16,Everything else,Miscellaneous,"2014-2019, CPI concept"
H0,0.04623656309640527,0.09544080057749348,0.5881043482299214,17.50483490230652,8.434168736341862,pm_oer_all_in,2014-12-01,2019-12-01,-1.051945671729615,-0.04573952365079781,9.070666165964658,4.996003610813204e-16,Owners' housing and lodging,Owners' equivalent rent,"2014-2019, CPI concept"
M0,-0.019805046372327578,-0.033607837995694084,-0.20684234758094333,15.862138962009965,6.791472796045307,pm_oer_all_in,2014-12-01,2019-12-01,-1.051945671729615,-0.04573952365079781,9.070666165964658,4.996003610813204e-16,Medical,Medical care (pooled),"2014-2019, CPI concept"
01,-0.02435529271773761,0.003826534289430823,0.44571790501559183,-0.29159809780686663,-5.672943313780177,pm_ex_shelter,2014-12-01,2019-12-01,-0.22175690631514033,-0.004950956728131839,5.38134521597331,8.326672684688674e-16,Food,Food at home,"2014-2019, ex-shelter"
02,0.014406515012226109,0.020133570250372646,0.1511368980990277,14.032490460281522,8.651145244308212,pm_ex_shelter,2014-12-01,2019-12-01,-0.22175690631514033,-0.004950956728131839,5.38134521597331,8.326672684688674e-16,Food,Food away from home,"2014-2019, ex-shelter"
03,-0.0038736633391989192,-0.03527620582599535,-0.6438129007748529,5.654034229828908,0.2726890138555982,pm_ex_shelter,2014-12-01,2019-12-01,-0.22175690631514033,-0.004950956728131839,5.38134521597331,8.326672684688674e-16,Alcohol and tobacco,Alcoholic beverages,"2014-2019, ex-shelter"
09,0.013076114215111033,0.0012307512431149366,-0.20537679518094018,-5.060467557460591,-10.4418127734339,pm_ex_shelter,2014-12-01,2019-12-01,-0.22175690631514033,-0.004950956728131839,5.38134521597331,8.326672684688674e-16,Utilities and phone,Natural gas,"2014-2019, ex-shelter"
10,0.023838488015140522,-0.02534532570609274,-0.882108548915732,2.6679720964386977,-2.7133731195346122,pm_ex_shelter,2014-12-01,2019-12-01,-0.22175690631514033,-0.004950956728131839,5.38134521597331,8.326672684688674e-16,Utilities and phone,Electricity,"2014-2019, ex-shelter"
11,8.383209747928225e-4,-0.004184213544176722,-0.09336152120000102,-3.373748023194534,-8.755093239167843,pm_ex_shelter,2014-12-01,2019-12-01,-0.22175690631514033,-0.004950956728131839,5.38134521597331,8.326672684688674e-16,Utilities and phone,Fuel oil and other fuels,"2014-2019, ex-shelter"
12,0.037543616447783666,0.024333083200207724,-0.21476368778361649,-9.244702665755112,-14.626047881728422,pm_ex_shelter,2014-12-01,2019-12-01,-0.22175690631514033,-0.004950956728131839,5.38134521597331,8.326672684688674e-16,Utilities and phone,Telephone services,"2014-2019, ex-shelter"
13,-0.015362182795279067,-0.024279457997333623,-0.14550990923591123,18.21893474170775,12.837589525734439,pm_ex_shelter,2014-12-01,2019-12-01,-0.22175690631514033,-0.004950956728131839,5.38134521597331,8.326672684688674e-16,Utilities and phone,Water and other public services,"2014-2019, ex-shelter"
14,0.15931158549653301,0.2614699096914196,1.8771494502054198,14.732317895137804,9.350972679164494,pm_ex_shelter,2014-12-01,2019-12-01,-0.22175690631514033,-0.004950956728131839,5.38134521597331,8.326672684688674e-16,Childcare,Personal services (childcare proxy),"2014-2019, ex-shelter"
15,0.014864281249829149,-0.009257971151576984,-0.41610986171870573,1.8206747347646601,-3.56067048120865,pm_ex_shelter,2014-12-01,2019-12-01,-0.22175690631514033,-0.004950956728131839,5.38134521597331,8.326672684688674e-16,Everything else,Other household expenses,"2014-2019, ex-shelter"
16,-0.0018226161266151407,-0.005332856887133785,-0.06046701937471872,1.8685680918427483,-3.5127771241305616,pm_ex_shelter,2014-12-01,2019-12-01,-0.22175690631514033,-0.004950956728131839,5.38134521597331,8.326672684688674e-16,Everything else,Housekeeping supplies,"2014-2019, ex-shelter"
17,-0.0064370257359945855,-0.00567443822949763,0.04760211002182436,-5.40311568541224,-10.78446090138555,pm_ex_shelter,2014-12-01,2019-12-01,-0.22175690631514033,-0.004950956728131839,5.38134521597331,8.326672684688674e-16,Everything else,Household furnishings and equipment,"2014-2019, ex-shelter"
18,-0.035659956659980056,-0.015158178276095096,0.32136861551555435,-3.128203802779239,-8.50954901875255,pm_ex_shelter,2014-12-01,2019-12-01,-0.22175690631514033,-0.004950956728131839,5.38134521597331,8.326672684688674e-16,Apparel,Apparel: men and boys,"2014-2019, ex-shelter"
19,-0.0056475767319422434,-0.003084908046708936,0.0625526198385093,-7.563759488831934,-12.945104704805244,pm_ex_shelter,2014-12-01,2019-12-01,-0.22175690631514033,-0.004950956728131839,5.38134521597331,8.326672684688674e-16,Apparel,Apparel: women and girls,"2014-2019, ex-shelter"
20,-0.014077052864123675,-0.003296935225611656,0.18963552028544933,-1.8123306233062908,-7.193675839279601,pm_ex_shelter,2014-12-01,2019-12-01,-0.22175690631514033,-0.004950956728131839,5.38134521597331,8.326672684688674e-16,Apparel,Apparel: children under 2,"2014-2019, ex-shelter"
21,-0.013203516731601275,-0.002895721423753207,0.23696211187764504,-0.7521555677855951,-6.133500783758905,pm_ex_shelter,2014-12-01,2019-12-01,-0.22175690631514033,-0.004950956728131839,5.38134521597331,8.326672684688674e-16,Apparel,Footwear,"2014-2019, ex-shelter"
22,-0.007045459293110147,-0.018906899488409932,-0.19361098564007123,9.790340058739666,4.408994842766356,pm_ex_shelter,2014-12-01,2019-12-01,-0.22175690631514033,-0.004950956728131839,5.38134521597331,8.326672684688674e-16,Apparel,Other apparel products and services,"2014-2019, ex-shelter"
23,-0.10869858636948651,-0.02654029688624846,1.6084260604587388,-1.367478191676963,-6.7488234076502724,pm_ex_shelter,2014-12-01,2019-12-01,-0.22175690631514033,-0.004950956728131839,5.38134521597331,8.326672684688674e-16,"Vehicles, gas, transport",Vehicle purchases (net outlay),"2014-2019, ex-shelter"
24,-0.04616904932643411,-0.042424325230658394,0.12262804839981198,2.2312526369551833,-3.1500925790181267,pm_ex_shelter,2014-12-01,2019-12-01,-0.22175690631514033,-0.004950956728131839,5.38134521597331,8.326672684688674e-16,"Vehicles, gas, transport",Gasoline and other fuels,"2014-2019, ex-shelter"
25,-0.04895649114443667,-0.08907009984231015,-0.6898311966820192,16.529875285622133,11.148530069648823,pm_ex_shelter,2014-12-01,2019-12-01,-0.22175690631514033,-0.004950956728131839,5.38134521597331,8.326672684688674e-16,"Vehicles, gas, transport",Other vehicle expenses,"2014-2019, ex-shelter"
26,0.012212561816564984,0.005766489009869914,-0.07087049435633552,-5.44702211368886,-10.82836732966217,pm_ex_shelter,2014-12-01,2019-12-01,-0.22175690631514033,-0.004950956728131839,5.38134521597331,8.326672684688674e-16,"Vehicles, gas, transport",Public and other transportation,"2014-2019, ex-shelter"
31,0.06475160222437835,0.11032032982446854,0.825008109378175,13.933115802440032,8.551770586466722,pm_ex_shelter,2014-12-01,2019-12-01,-0.22175690631514033,-0.004950956728131839,5.38134521597331,8.326672684688674e-16,Everything else,Fees and admissions,"2014-2019, ex-shelter"
32,-0.011722459538612251,-0.059510412144708494,-0.8576939744234403,6.73817338671181,1.3568281707385,pm_ex_shelter,2014-12-01,2019-12-01,-0.22175690631514033,-0.004950956728131839,5.38134521597331,8.326672684688674e-16,Everything else,Audio and visual equipment and services,"2014-2019, ex-shelter"
33,0.013468093842330825,0.003299403477298862,-0.23212660779689628,-3.2973707358039173,-8.678715951777228,pm_ex_shelter,2014-12-01,2019-12-01,-0.22175690631514033,-0.004950956728131839,5.38134521597331,8.326672684688674e-16,Everything else,"Pets, toys, hobbies, and playground equipment","2014-2019, ex-shelter"
34,-0.02146032730367584,-0.0027858878933215447,0.3264538780978314,-1.3594342302618023,-6.740779446235113,pm_ex_shelter,2014-12-01,2019-12-01,-0.22175690631514033,-0.004950956728131839,5.38134521597331,8.326672684688674e-16,Everything else,"Other entertainment supplies, equipment, services","2014-2019, ex-shelter"
35,3.7787456943047586e-4,-0.005459392445367214,-0.12057614381622346,4.614040765206107,-0.7673044507672033,pm_ex_shelter,2014-12-01,2019-12-01,-0.22175690631514033,-0.004950956728131839,5.38134521597331,8.326672684688674e-16,Everything else,Personal care products and services,"2014-2019, ex-shelter"
36,-0.004471115616584683,-0.009297314576012012,-0.09047773715119081,8.892642768518733,3.5112975525454235,pm_ex_shelter,2014-12-01,2019-12-01,-0.22175690631514033,-0.004950956728131839,5.38134521597331,8.326672684688674e-16,Everything else,Reading,"2014-2019, ex-shelter"
37,0.08826012970087063,0.164620858146378,1.3325961883141133,13.512674814685987,8.131329598712677,pm_ex_shelter,2014-12-01,2019-12-01,-0.22175690631514033,-0.004950956728131839,5.38134521597331,8.326672684688674e-16,Education,Education,"2014-2019, ex-shelter"
38,-0.13391223695712742,-0.1724399749622924,-0.7585553757095386,24.531174313196292,19.149829097222984,pm_ex_shelter,2014-12-01,2019-12-01,-0.22175690631514033,-0.004950956728131839,5.38134521597331,8.326672684688674e-16,Alcohol and tobacco,Tobacco products and smoking supplies,"2014-2019, ex-shelter"
39,-0.01691357687329318,-0.04924587370771566,-0.5895242814681716,8.570215759828592,3.1888705438552822,pm_ex_shelter,2014-12-01,2019-12-01,-0.22175690631514033,-0.004950956728131839,5.38134521597331,8.326672684688674e-16,Everything else,Miscellaneous,"2014-2019, ex-shelter"
M0,-0.13996694702676668,-0.20234018922854977,-1.2824604742793277,15.862138962009965,10.480793746036655,pm_ex_shelter,2014-12-01,2019-12-01,-0.22175690631514033,-0.004950956728131839,5.38134521597331,8.326672684688674e-16,Medical,Medical care (pooled),"2014-2019, ex-shelter"
01,0.031864000617694926,0.18937432158395565,0.4199834505118879,33.04777662874887,5.639586845000789,pm_ex_shelter,2019-12-01,2026-07-01,-0.4122743951440633,-0.008237799906803067,27.40818978374808,1.3461454173580023e-15,Food,Food at home,"2019-2026, ex-shelter"
02,0.011613269888623774,0.07861359624617868,0.29007429157850473,37.76095363061391,10.35276384686583,pm_ex_shelter,2019-12-01,2026-07-01,-0.4122743951440633,-0.008237799906803067,27.40818978374808,1.3461454173580023e-15,Food,Food away from home,"2019-2026, ex-shelter"
03,0.03890870837965547,-0.07650985801258862,-0.4225750132960356,19.41900689884706,-7.989182884901023,pm_ex_shelter,2019-12-01,2026-07-01,-0.4122743951440633,-0.008237799906803067,27.40818978374808,1.3461454173580023e-15,Alcohol and tobacco,Alcoholic beverages,"2019-2026, ex-shelter"
09,-0.04633425577760592,-0.11109685082265322,-0.22195786895742414,54.90694031741652,27.49875053366844,pm_ex_shelter,2019-12-01,2026-07-01,-0.4122743951440633,-0.008237799906803067,27.40818978374808,1.3461454173580023e-15,Utilities and phone,Natural gas,"2019-2026, ex-shelter"
10,-0.1798754324302871,-0.43189894966143055,-0.9380214831332145,48.609846227202304,21.201656443454223,pm_ex_shelter,2019-12-01,2026-07-01,-0.4122743951440633,-0.008237799906803067,27.40818978374808,1.3461454173580023e-15,Utilities and phone,Electricity,"2019-2026, ex-shelter"
11,-0.04586989968489366,-0.0692084049696099,-0.0724403086989833,50.94811679714786,23.53992701339978,pm_ex_shelter,2019-12-01,2026-07-01,-0.4122743951440633,-0.008237799906803067,27.40818978374808,1.3461454173580023e-15,Utilities and phone,Fuel oil and other fuels,"2019-2026, ex-shelter"
12,0.06592908088688038,-0.004658634201657944,-0.25297355513086744,1.1740339140739353,-26.234155869674147,pm_ex_shelter,2019-12-01,2026-07-01,-0.4122743951440633,-0.008237799906803067,27.40818978374808,1.3461454173580023e-15,Utilities and phone,Telephone services,"2019-2026, ex-shelter"
13,-0.011500307029981161,-0.07828088404506144,-0.22972407933900924,34.491269030201806,7.083079246453725,pm_ex_shelter,2019-12-01,2026-07-01,-0.4122743951440633,-0.008237799906803067,27.40818978374808,1.3461454173580023e-15,Utilities and phone,Water and other public services,"2019-2026, ex-shelter"
14,0.04048055807604746,0.5337103748548893,1.8098331964563794,29.78369546821511,2.3755056844670293,pm_ex_shelter,2019-12-01,2026-07-01,-0.4122743951440633,-0.008237799906803067,27.40818978374808,1.3461454173580023e-15,Childcare,Personal services (childcare proxy),"2019-2026, ex-shelter"
15,0.15834831810074734,-0.021411260498845536,-0.6440072037668944,4.209437636027213,-23.198752147720867,pm_ex_shelter,2019-12-01,2026-07-01,-0.4122743951440633,-0.008237799906803067,27.40818978374808,1.3461454173580023e-15,Everything else,Other household expenses,"2019-2026, ex-shelter"
16,0.004522467773789933,-0.003629495993721002,-0.08983020844437359,28.002944965948974,0.5947551822008919,pm_ex_shelter,2019-12-01,2026-07-01,-0.4122743951440633,-0.008237799906803067,27.40818978374808,1.3461454173580023e-15,Everything else,Housekeeping supplies,"2019-2026, ex-shelter"
17,-0.02327181696452234,-0.1175655963276781,-0.13371595042426962,18.43297361934755,-8.975216164400532,pm_ex_shelter,2019-12-01,2026-07-01,-0.4122743951440633,-0.008237799906803067,27.40818978374808,1.3461454173580023e-15,Everything else,Household furnishings and equipment,"2019-2026, ex-shelter"
18,-7.196244188135098e-4,0.03961718738454646,0.16374862863224987,16.266163888938223,-11.142025894809858,pm_ex_shelter,2019-12-01,2026-07-01,-0.4122743951440633,-0.008237799906803067,27.40818978374808,1.3461454173580023e-15,Apparel,Apparel: men and boys,"2019-2026, ex-shelter"
19,-0.016802099721277143,0.018780224408721215,0.14018582727747186,7.758281145377821,-19.64990863837026,pm_ex_shelter,2019-12-01,2026-07-01,-0.4122743951440633,-0.008237799906803067,27.40818978374808,1.3461454173580023e-15,Apparel,Apparel: women and girls,"2019-2026, ex-shelter"
20,-0.03891150964612961,0.004184680589612471,0.17021432088907376,4.036570639986148,-23.371619143761933,pm_ex_shelter,2019-12-01,2026-07-01,-0.4122743951440633,-0.008237799906803067,27.40818978374808,1.3461454173580023e-15,Apparel,Apparel: children under 2,"2019-2026, ex-shelter"
21,-0.018329600404202843,0.01613815629948416,0.10114828253929709,11.290203327171966,-16.117986456576116,pm_ex_shelter,2019-12-01,2026-07-01,-0.4122743951440633,-0.008237799906803067,27.40818978374808,1.3461454173580023e-15,Apparel,Footwear,"2019-2026, ex-shelter"
22,-0.018922289221564387,-0.06164769795094792,-0.15359644742862114,40.03973140031092,12.631541616562838,pm_ex_shelter,2019-12-01,2026-07-01,-0.4122743951440633,-0.008237799906803067,27.40818978374808,1.3461454173580023e-15,Apparel,Other apparel products and services,"2019-2026, ex-shelter"
23,-0.03913652904686282,0.47115768411502984,1.7400049104258961,26.56046495533142,-0.8477248284166627,pm_ex_shelter,2019-12-01,2026-07-01,-0.4122743951440633,-0.008237799906803067,27.40818978374808,1.3461454173580023e-15,"Vehicles, gas, transport",Vehicle purchases (net outlay),"2019-2026, ex-shelter"
24,0.12415214885517478,0.1659960716216683,0.14400374616297454,53.27665527023457,25.86846548648649,pm_ex_shelter,2019-12-01,2026-07-01,-0.4122743951440633,-0.008237799906803067,27.40818978374808,1.3461454173580023e-15,"Vehicles, gas, transport",Gasoline and other fuels,"2019-2026, ex-shelter"
25,-0.17377903454590424,-0.30528845746432054,-0.5342306675994524,42.83107000644297,15.42288022269489,pm_ex_shelter,2019-12-01,2026-07-01,-0.4122743951440633,-0.008237799906803067,27.40818978374808,1.3461454173580023e-15,"Vehicles, gas, transport",Other vehicle expenses,"2019-2026, ex-shelter"
26,-0.05849472489798586,-0.08805583465384845,-0.07816359761210671,17.541908793074555,-9.866280990673527,pm_ex_shelter,2019-12-01,2026-07-01,-0.4122743951440633,-0.008237799906803067,27.40818978374808,1.3461454173580023e-15,"Vehicles, gas, transport",Public and other transportation,"2019-2026, ex-shelter"
31,-0.052495333931099675,0.22644974896091333,1.017384094751326,21.782536934905927,-5.625652848842154,pm_ex_shelter,2019-12-01,2026-07-01,-0.4122743951440633,-0.008237799906803067,27.40818978374808,1.3461454173580023e-15,Everything else,Fees and admissions,"2019-2026, ex-shelter"
32,0.07939906809647268,-0.14778570744748756,-0.7918648807454473,18.139335098927667,-9.268854684820415,pm_ex_shelter,2019-12-01,2026-07-01,-0.4122743951440633,-0.008237799906803067,27.40818978374808,1.3461454173580023e-15,Everything else,Audio and visual equipment and services,"2019-2026, ex-shelter"
33,0.0313447021195129,0.035609443337457136,-0.06818484083995732,23.6537933001189,-3.7543964836291828,pm_ex_shelter,2019-12-01,2026-07-01,-0.4122743951440633,-0.008237799906803067,27.40818978374808,1.3461454173580023e-15,Everything else,"Pets, toys, hobbies, and playground equipment","2019-2026, ex-shelter"
34,-0.10291408486039925,-0.04266479929124804,0.31798100970442583,12.773546679635949,-14.634643104112133,pm_ex_shelter,2019-12-01,2026-07-01,-0.4122743951440633,-0.008237799906803067,27.40818978374808,1.3461454173580023e-15,Everything else,"Other entertainment supplies, equipment, services","2019-2026, ex-shelter"
35,0.0031784181390600626,-0.03398099978918093,-0.13925820985045945,25.693448309543964,-1.7147414742041178,pm_ex_shelter,2019-12-01,2026-07-01,-0.4122743951440633,-0.008237799906803067,27.40818978374808,1.3461454173580023e-15,Everything else,Personal care products and services,"2019-2026, ex-shelter"
36,0.010674922481298582,-0.013708343323314701,-0.08123026248269129,15.11530777610548,-12.292882007642602,pm_ex_shelter,2019-12-01,2026-07-01,-0.4122743951440633,-0.008237799906803067,27.40818978374808,1.3461454173580023e-15,Everything else,Reading,"2019-2026, ex-shelter"
37,-0.17404687096541394,0.24173704978465627,1.5897060215132597,14.27012284480018,-13.138066938947901,pm_ex_shelter,2019-12-01,2026-07-01,-0.4122743951440633,-0.008237799906803067,27.40818978374808,1.3461454173580023e-15,Education,Education,"2019-2026, ex-shelter"
38,-0.16801022108872343,-0.3570755762625408,-0.7234707785408667,53.635530117804024,26.227340334055942,pm_ex_shelter,2019-12-01,2026-07-01,-0.4122743951440633,-0.008237799906803067,27.40818978374808,1.3461454173580023e-15,Alcohol and tobacco,Tobacco products and smoking supplies,"2019-2026, ex-shelter"
39,0.017678971745136232,-0.1688939638766202,-0.7002026962282629,26.02512351401982,-1.3830662697282605,pm_ex_shelter,2019-12-01,2026-07-01,-0.4122743951440633,-0.008237799906803067,27.40818978374808,1.3461454173580023e-15,Everything else,Miscellaneous,"2019-2026, ex-shelter"
M0,0.14728240423831218,-0.29204381983161837,-1.6288197279238092,16.410080305377384,-10.998109478370697,pm_ex_shelter,2019-12-01,2026-07-01,-0.4122743951440633,-0.008237799906803067,27.40818978374808,1.3461454173580023e-15,Medical,Medical care (pooled),"2019-2026, ex-shelter"
01,0.01115557382427379,0.06982584444290087,0.48874851260398533,11.428637275011111,1.7868228910709494,ex_shelter_long,2010-12-01,2019-12-01,0.06591098650627902,0.007940504193981915,9.641814383940162,1.4883927423881005e-15,Food,Food at home,"2010-2019, ex-shelter (long panel)"
02,-2.5457466051965333e-4,0.00566466982798556,0.019757497653174562,26.50424640570508,16.862432021764917,ex_shelter_long,2010-12-01,2019-12-01,0.06591098650627902,0.007940504193981915,9.641814383940162,1.4883927423881005e-15,Food,Food away from home,"2010-2019, ex-shelter (long panel)"
03,-0.024432921100266698,-0.09658601166687111,-0.7696433451058355,12.553129808442854,2.9113154245026927,ex_shelter_long,2010-12-01,2019-12-01,0.06591098650627902,0.007940504193981915,9.641814383940162,1.4883927423881005e-15,Alcohol and tobacco,Alcoholic beverages,"2010-2019, ex-shelter (long panel)"
09,0.03827280348748309,0.011187979022626023,-0.2481604094363789,-6.187805905805299,-15.82962028974546,ex_shelter_long,2010-12-01,2019-12-01,0.06591098650627902,0.007940504193981915,9.641814383940162,1.4883927423881005e-15,Utilities and phone,Natural gas,"2010-2019, ex-shelter (long panel)"
10,-0.015608540450371484,-0.1028681047237921,-0.9579767508335906,11.135545887627153,1.4937315036869911,ex_shelter_long,2010-12-01,2019-12-01,0.06591098650627902,0.007940504193981915,9.641814383940162,1.4883927423881005e-15,Utilities and phone,Electricity,"2010-2019, ex-shelter (long panel)"
11,0.00922795045627326,-0.0031350012906671727,-0.12749119706092457,-3.4411834772193783,-13.08299786115954,ex_shelter_long,2010-12-01,2019-12-01,0.06591098650627902,0.007940504193981915,9.641814383940162,1.4883927423881005e-15,Utilities and phone,Fuel oil and other fuels,"2010-2019, ex-shelter (long panel)"
12,0.09078959672184812,0.04559481970443703,-0.40417883569968366,-11.256253747333588,-20.89806813127375,ex_shelter_long,2010-12-01,2019-12-01,0.06591098650627902,0.007940504193981915,9.641814383940162,1.4883927423881005e-15,Utilities and phone,Telephone services,"2010-2019, ex-shelter (long panel)"
13,-0.06095694270299415,-0.0833347700530332,-0.2199002580117846,41.837255003065145,32.19544061912498,ex_shelter_long,2010-12-01,2019-12-01,0.06591098650627902,0.007940504193981915,9.641814383940162,1.4883927423881005e-15,Utilities and phone,Water and other public services,"2010-2019, ex-shelter (long panel)"
14,0.2773224188968535,0.46324797372730997,1.8960400925267193,25.76419928942155,16.12238490548139,ex_shelter_long,2010-12-01,2019-12-01,0.06591098650627902,0.007940504193981915,9.641814383940162,1.4883927423881005e-15,Childcare,Personal services (childcare proxy),"2010-2019, ex-shelter (long panel)"
15,0.045613184932413814,0.0020336827709911904,-0.4710200422897447,-1.6097983407014516,-11.251612724641614,ex_shelter_long,2010-12-01,2019-12-01,0.06591098650627902,0.007940504193981915,9.641814383940162,1.4883927423881005e-15,Everything else,Other household expenses,"2010-2019, ex-shelter (long panel)"
16,-0.0021528165505533764,-0.005510219946700595,-0.05267548243681351,3.6210560732385044,-6.020758310701657,ex_shelter_long,2010-12-01,2019-12-01,0.06591098650627902,0.007940504193981915,9.641814383940162,1.4883927423881005e-15,Everything else,Housekeeping supplies,"2010-2019, ex-shelter (long panel)"
17,-0.032736234337813364,-0.016485563807605026,0.10510046677632551,-10.434643538961874,-20.076457922902037,ex_shelter_long,2010-12-01,2019-12-01,0.06591098650627902,0.007940504193981915,9.641814383940162,1.4883927423881005e-15,Everything else,Household furnishings and equipment,"2010-2019, ex-shelter (long panel)"
18,-0.03809844601922318,-0.014452252539384782,0.254573992532359,2.489267256701777,-7.1525471272383845,ex_shelter_long,2010-12-01,2019-12-01,0.06591098650627902,0.007940504193981915,9.641814383940162,1.4883927423881005e-15,Apparel,Apparel: men and boys,"2010-2019, ex-shelter (long panel)"
19,-0.009944029577396976,-0.0030145162968035237,0.10513223494696769,-3.955967050946252,-13.597781434886414,ex_shelter_long,2010-12-01,2019-12-01,0.06591098650627902,0.007940504193981915,9.641814383940162,1.4883927423881005e-15,Apparel,Apparel: women and girls,"2010-2019, ex-shelter (long panel)"
20,-0.013907508663908273,0.006685640559661954,0.2072447320804558,3.0046731462889165,-6.637141237651245,ex_shelter_long,2010-12-01,2019-12-01,0.06591098650627902,0.007940504193981915,9.641814383940162,1.4883927423881005e-15,Apparel,Apparel: children under 2,"2010-2019, ex-shelter (long panel)"
21,-3.38655251521662e-4,0.006433558160030892,0.19432833831027457,6.845202828139274,-2.7966115558008875,ex_shelter_long,2010-12-01,2019-12-01,0.06591098650627902,0.007940504193981915,9.641814383940162,1.4883927423881005e-15,Apparel,Footwear,"2010-2019, ex-shelter (long panel)"
22,-0.006048883705687518,-0.02950705388739533,-0.248204671626363,15.20747375753604,5.565659373595878,ex_shelter_long,2010-12-01,2019-12-01,0.06591098650627902,0.007940504193981915,9.641814383940162,1.4883927423881005e-15,Apparel,Other apparel products and services,"2010-2019, ex-shelter (long panel)"
23,-0.12521227536526275,-0.06115019250691539,1.309448544626058,2.2005522707538416,-7.44126211318632,ex_shelter_long,2010-12-01,2019-12-01,0.06591098650627902,0.007940504193981915,9.641814383940162,1.4883927423881005e-15,"Vehicles, gas, transport",Vehicle purchases (net outlay),"2010-2019, ex-shelter (long panel)"
24,-0.02674528792133879,-0.01792793035540508,0.07763624152225734,-10.09120203105165,-19.73301641499181,ex_shelter_long,2010-12-01,2019-12-01,0.06591098650627902,0.007940504193981915,9.641814383940162,1.4883927423881005e-15,"Vehicles, gas, transport",Gasoline and other fuels,"2010-2019, ex-shelter (long panel)"
25,-0.12629370583494146,-0.1781270538421694,-0.738071215869851,28.12463670460823,18.482822320668067,ex_shelter_long,2010-12-01,2019-12-01,0.06591098650627902,0.007940504193981915,9.641814383940162,1.4883927423881005e-15,"Vehicles, gas, transport",Other vehicle expenses,"2010-2019, ex-shelter (long panel)"
26,0.015210649345476114,0.0018889544059067173,-0.09948371134038102,-2.438057020204565,-12.079871404144725,ex_shelter_long,2010-12-01,2019-12-01,0.06591098650627902,0.007940504193981915,9.641814383940162,1.4883927423881005e-15,"Vehicles, gas, transport",Public and other transportation,"2010-2019, ex-shelter (long panel)"
28,-0.0020160843198450146,0.013581155183319028,0.058038116684239895,27.375105727263517,17.733291343323355,ex_shelter_long,2010-12-01,2019-12-01,0.06591098650627902,0.007940504193981915,9.641814383940162,1.4883927423881005e-15,Medical,Medical services,"2010-2019, ex-shelter (long panel)"
31,0.08701826518586128,0.1720624748474577,0.9000267004360682,19.689293924918495,10.047479540978333,ex_shelter_long,2010-12-01,2019-12-01,0.06591098650627902,0.007940504193981915,9.641814383940162,1.4883927423881005e-15,Everything else,Fees and admissions,"2010-2019, ex-shelter (long panel)"
32,-0.0025583243040880875,-0.0821543024439494,-0.8515637259286529,8.472038179470198,-1.1697762044699633,ex_shelter_long,2010-12-01,2019-12-01,0.06591098650627902,0.007940504193981915,9.641814383940162,1.4883927423881005e-15,Everything else,Audio and visual equipment and services,"2010-2019, ex-shelter (long panel)"
33,0.02613487370981824,0.005553157352529775,-0.2547154669091958,-2.553546372338622,-12.195360756278784,ex_shelter_long,2010-12-01,2019-12-01,0.06591098650627902,0.007940504193981915,9.641814383940162,1.4883927423881005e-15,Everything else,"Pets, toys, hobbies, and playground equipment","2010-2019, ex-shelter (long panel)"
34,-0.057057224499078046,-0.013128013284259329,0.3959626039988211,-3.893298439847359,-13.535112823787522,ex_shelter_long,2010-12-01,2019-12-01,0.06591098650627902,0.007940504193981915,9.641814383940162,1.4883927423881005e-15,Everything else,"Other entertainment supplies, equipment, services","2010-2019, ex-shelter (long panel)"
35,-0.001844918239163742,-0.011500727472944493,-0.13910873583219555,8.471141043288721,-1.1706733406514402,ex_shelter_long,2010-12-01,2019-12-01,0.06591098650627902,0.007940504193981915,9.641814383940162,1.4883927423881005e-15,Everything else,Personal care products and services,"2010-2019, ex-shelter (long panel)"
36,-0.009163305747451908,-0.020933770409219548,-0.11098160322971588,17.986111426508057,8.344297042567895,ex_shelter_long,2010-12-01,2019-12-01,0.06591098650627902,0.007940504193981915,9.641814383940162,1.4883927423881005e-15,Everything else,Reading,"2010-2019, ex-shelter (long panel)"
37,0.2829327128080528,0.4246416430757599,1.370595954319301,34.4196860343253,24.77787165038514,ex_shelter_long,2010-12-01,2019-12-01,0.06591098650627902,0.007940504193981915,9.641814383940162,1.4883927423881005e-15,Education,Education,"2010-2019, ex-shelter (long panel)"
38,-0.21813786464478155,-0.3080828616868177,-0.9114207563197115,37.926805901513696,28.284991517573534,ex_shelter_long,2010-12-01,2019-12-01,0.06591098650627902,0.007940504193981915,9.641814383940162,1.4883927423881005e-15,Alcohol and tobacco,Tobacco products and smoking supplies,"2010-2019, ex-shelter (long panel)"
39,-0.05219900315984925,-0.12253272455468549,-0.7780378210861789,16.603170642193966,6.961356258253804,ex_shelter_long,2010-12-01,2019-12-01,0.06591098650627902,0.007940504193981915,9.641814383940162,1.4883927423881005e-15,Everything else,Miscellaneous,"2010-2019, ex-shelter (long panel)"
