variant,basket,g1,g2,from,to,cum1,cum2,gap,se_indep,se_persist,se_bound,z_indep,z_bound,p_indep,p_persist,p_bound,mean_gap_12m,label1,label2
headline,oer,F1,10,2019-12-01,2026-07-01,29.421613301772155,30.10770399629088,-0.6860906945187253,0.1839967571924109,0.11408522308938523,0.4286560133683287,-3.728819491102551,-1.6005623929721762,1.9237889102073684e-4,1.8117525880231906e-9,0.10947387732537803,-0.10540758729050584,"Families with children, headline (04 + 09)",Single person and other CUs
headline,oer,F1,01,2019-12-01,2026-07-01,29.421613301772155,29.61859385764809,-0.19698055587593544,0.10913499290125386,0.06740997890349569,0.2542287450033483,-1.8049257221665362,-0.7748162225846692,0.07108630607755399,0.0034764914812473696,0.43844826189722946,-0.030690966707797848,"Families with children, headline (04 + 09)",All consumer units
headline,oer,F1,03,2019-12-01,2026-07-01,29.421613301772155,29.217896486072693,0.20371681569946176,0.21050927729652205,0.13122047454119543,0.4905971485910587,0.9677331959698267,0.41524255957156325,0.33317763477548606,0.12054804613442353,0.6779643458646287,0.027548080287558088,"Families with children, headline (04 + 09)","Married couple, no children"
headline,oer,F1,RF,2019-12-01,2026-07-01,29.421613301772155,29.740979901553665,-0.3193665997815103,0.16895325866700914,0.10402150263648717,0.3925813164631247,-1.8902659960584223,-0.8135043273550907,0.05872239412900331,0.0021391696955844882,0.4159289662536593,-0.04893076516986443,"Families with children, headline (04 + 09)",All CUs except 04 + 09
headline,oer,K1,10,2019-12-01,2026-07-01,29.271546615487743,30.10770399629088,-0.8361573808031366,0.20737606384840454,0.13414986877647614,0.48358416920460773,-4.032082417257095,-1.7290834441053688,5.528479088861327e-5,4.575589714366387e-10,0.08379416178787819,-0.12381023475565933,Families with children under 18 (05 + 06 + 09),Single person and other CUs
headline,oer,K1,01,2019-12-01,2026-07-01,29.271546615487743,29.61859385764809,-0.34704724216034677,0.14552609489792048,0.09364272299543366,0.33830653558745194,-2.3847767124087516,-1.0258366471038374,0.017089490378489895,2.1049343923035951e-4,0.3049685888312964,-0.049093614172951425,Families with children under 18 (05 + 06 + 09),All consumer units
headline,oer,K1,03,2019-12-01,2026-07-01,29.271546615487743,29.217896486072693,0.05365012941505043,0.23122322769963816,0.14899517476820348,0.5399189762461699,0.23202742193679007,0.09936700093050492,0.8165167152992892,0.7187875753128011,0.9208468825044942,0.009145432822404579,Families with children under 18 (05 + 06 + 09),"Married couple, no children"
headline,oer,K1,RK,2019-12-01,2026-07-01,29.271546615487743,29.74150451848918,-0.46995790300143625,0.19226722314645556,0.1237188186857329,0.4466615230259373,-2.4442954722628705,-1.0521566751881293,0.014513534673665228,1.4551762301289386e-4,0.29272767315492015,-0.06598648279790204,Families with children under 18 (05 + 06 + 09),All CUs except 05 + 06 + 09
headline,exsh,F1,10,2019-12-01,2026-07-01,27.480506938821826,27.89278133396593,-0.4122743951441059,0.24270843828290142,0.14791991942141103,0.5613798185956357,-1.698640550204349,-0.7343947564332891,0.08938693114515456,0.005317453436791727,0.4627081816531868,-0.05043428191351119,"Families with children, headline (04 + 09)",Single person and other CUs
headline,exsh,F1,01,2019-12-01,2026-07-01,27.480506938821826,27.408189783748192,0.0723171550736339,0.13826742924060384,0.08304910183800113,0.31874807989787235,0.5230237914367553,0.22687871593392653,0.6009576969978767,0.38387653532732197,0.8205180527466044,0.006447807356279126,"Families with children, headline (04 + 09)",All consumer units
headline,exsh,F1,03,2019-12-01,2026-07-01,27.480506938821826,26.59436963105111,0.8861373077707171,0.2734761342227971,0.1612931006362554,0.6243746138586271,3.2402729045774565,1.4192398090857663,0.0011941535015536325,3.9302693650746954e-8,0.15582911358346294,0.09910175193064,"Families with children, headline (04 + 09)","Married couple, no children"
headline,exsh,F1,RF,2019-12-01,2026-07-01,27.480506938821826,27.384049366571574,0.09645757225025164,0.21940032907349072,0.13087530482568396,0.504356678615579,0.4396418759150632,0.19124872603059487,0.6601965061992188,0.4611108603071596,0.8483307302255945,0.00862785555137511,"Families with children, headline (04 + 09)",All CUs except 04 + 09
headline,exsh,K1,10,2019-12-01,2026-07-01,27.223790708118067,27.89278133396593,-0.6689906258478651,0.27262650095926066,0.1696702433710977,0.6311886667402297,-2.453872325302059,-1.0598901106746155,0.014132714948940974,8.050653592929587e-5,0.2891945952084017,-0.08433341232457414,Families with children under 18 (05 + 06 + 09),Single person and other CUs
headline,exsh,K1,01,2019-12-01,2026-07-01,27.223790708118067,27.408189783748192,-0.18439907563012525,0.18622175507758595,0.11393099535396803,0.42879170754135937,-0.990212317316517,-0.43004347422539396,0.3220703533213202,0.10555156105229277,0.6671640171524318,-0.027451323054783767,Families with children under 18 (05 + 06 + 09),All consumer units
headline,exsh,K1,03,2019-12-01,2026-07-01,27.223790708118067,26.59436963105111,0.6294210770669579,0.30034483348479674,0.18144738421048678,0.6886101724265579,2.0956614094672577,0.914045569279021,0.036112237469367724,5.226127372015789e-4,0.36069290156074385,0.0652026215195771,Families with children under 18 (05 + 06 + 09),"Married couple, no children"
headline,exsh,K1,RK,2019-12-01,2026-07-01,27.223790708118067,27.480785932167095,-0.2569952240490281,0.24899348432096333,0.1521897202201461,0.572992367246684,-1.0321363418399743,-0.4485142189309248,0.30200825122105573,0.09128645598761133,0.653782126678575,-0.03752569448652286,Families with children under 18 (05 + 06 + 09),All CUs except 05 + 06 + 09
deep,oer,F1,10,2019-12-01,2026-07-01,29.803315830952926,30.46604496295744,-0.6627291320045146,0.23388628271065134,0.11305486756376427,0.5194504267950221,-2.833552803198806,-1.2758274857786016,0.004603370203161192,4.572885159123933e-9,0.20201650912354063,-0.10632713050490933,"Families with children, headline (04 + 09)",Single person and other CUs
deep,oer,F1,01,2019-12-01,2026-07-01,29.803315830952926,29.926861572296403,-0.12354574134347729,0.13689557486467036,0.0667314646073781,0.30459459838561315,-0.9024816285377362,-0.40560713157187983,0.3668010762628428,0.06411395120944852,0.6850312880156559,-0.02446205696230737,"Families with children, headline (04 + 09)",All consumer units
deep,oer,F1,03,2019-12-01,2026-07-01,29.803315830952926,29.31167804997996,0.4916377809729653,0.25775503767548347,0.13289933791480782,0.5771226609749349,1.907383791241135,0.851877450354211,0.05647090677083819,2.1617403595793617e-4,0.39428211363877186,0.05790035580237765,"Families with children, headline (04 + 09)","Married couple, no children"
deep,oer,F1,RF,2019-12-01,2026-07-01,29.803315830952926,30.011103711523045,-0.20778788057011965,0.21185956763740188,0.10269519554637282,0.4702591628779038,-0.9807811980705496,-0.4418582283405052,0.32670065206939614,0.04303752006246828,0.658591799542936,-0.03955587266837259,"Families with children, headline (04 + 09)",All CUs except 04 + 09
deep,oer,K1,10,2019-12-01,2026-07-01,29.726285742605498,30.46604496295744,-0.7397592203519423,0.2635878865723989,0.12796716881780346,0.5846732003702964,-2.80649930454507,-1.265252486146832,0.00500830205880734,7.432340415682481e-9,0.20578083302973155,-0.11652403372772095,Families with children under 18 (05 + 06 + 09),Single person and other CUs
deep,oer,K1,01,2019-12-01,2026-07-01,29.726285742605498,29.926861572296403,-0.20057582969090504,0.18275237572224162,0.08851138829922198,0.404779896804016,-1.0975278920354645,-0.49551825887247236,0.2724106948259589,0.02344514184222448,0.6202343366142321,-0.03465896018511899,Families with children under 18 (05 + 06 + 09),All consumer units
deep,oer,K1,03,2019-12-01,2026-07-01,29.726285742605498,29.31167804997996,0.41460769262553754,0.2849797188478277,0.14579584093374615,0.6361479460610133,1.454867364954234,0.6517472785894561,0.14570598415743444,0.0044585277272278425,0.5145642174837122,0.04770345257956601,Families with children under 18 (05 + 06 + 09),"Married couple, no children"
deep,oer,K1,RK,2019-12-01,2026-07-01,29.726285742605498,30.002591733311455,-0.27630599070595707,0.24137662900648033,0.11690661205687601,0.5342276714612955,-1.1447089630974132,-0.5172064373793399,0.25232973730288727,0.018104391374928034,0.6050120587672343,-0.046900040835524126,Families with children under 18 (05 + 06 + 09),All CUs except 05 + 06 + 09
deep,exsh,F1,10,2019-12-01,2026-07-01,27.965601557529652,28.389651909373125,-0.42405035184347284,0.318833883012031,0.1483082386369385,0.6976278491243271,-1.3300040379568803,-0.6078460777845196,0.18351694088039988,0.004246437966176632,0.5432895655327847,-0.05653246975351005,"Families with children, headline (04 + 09)",Single person and other CUs
deep,exsh,F1,01,2019-12-01,2026-07-01,27.965601557529652,27.80934461691502,0.15625694061463236,0.17903767023364567,0.08275290409496784,0.3907841477384471,0.8727601314891762,0.39985485982204055,0.3827938346032636,0.05899439163483694,0.689263421469581,0.013471410912095184,"Families with children, headline (04 + 09)",All consumer units
deep,exsh,F1,03,2019-12-01,2026-07-01,27.965601557529652,26.691688249186086,1.273913308343566,0.34686865833773034,0.1623082644296063,0.7527523389365215,3.672610014546815,1.6923405514001244,2.4008573668075285e-4,4.202803046276386e-15,0.09058106019045564,0.1412057487077317,"Families with children, headline (04 + 09)","Married couple, no children"
deep,exsh,F1,RF,2019-12-01,2026-07-01,27.965601557529652,27.739444298123917,0.22615725940573483,0.2843143261983024,0.12983125673755183,0.6186566303565044,0.7954479903625947,0.3655618453089405,0.4263529534590892,0.08152029157075426,0.714692050279794,0.01936116144601782,"Families with children, headline (04 + 09)",All CUs except 04 + 09
deep,exsh,K1,10,2019-12-01,2026-07-01,27.807985170259887,28.389651909373125,-0.5816667391132384,0.3578080819350664,0.16339207323763458,0.7818186657589086,-1.6256389066661634,-0.7439918801997604,0.10402649346561867,3.709329495356391e-4,0.45688138743914947,-0.07898466755430894,Families with children under 18 (05 + 06 + 09),Single person and other CUs
deep,exsh,K1,01,2019-12-01,2026-07-01,27.807985170259887,27.80934461691502,-0.0013594466551332118,0.24113393916858022,0.10784355528222783,0.5244367862884046,-0.005637724244959159,-0.0025922030846737905,0.9955017706954667,0.9899423496523891,0.9979317234965767,-0.008980786888703709,Families with children under 18 (05 + 06 + 09),All consumer units
deep,exsh,K1,03,2019-12-01,2026-07-01,27.807985170259887,26.691688249186086,1.1162969210738005,0.3830005805198455,0.17619764087936154,0.8307429336429166,2.9146089532257475,1.343733272793176,0.0035613447327198333,2.366009701380407e-10,0.17903465383235592,0.11875355090693283,Families with children under 18 (05 + 06 + 09),"Married couple, no children"
deep,exsh,K1,RK,2019-12-01,2026-07-01,27.807985170259887,27.81976585086361,-0.011780680603724392,0.3224763532228607,0.1439069374092572,0.7006886583180849,-0.036531920824541396,-0.016813003127526618,0.9708582265524413,0.934755508244611,0.9865857963680993,-0.012756864620720447,Families with children under 18 (05 + 06 + 09),All CUs except 05 + 06 + 09
