variant,basket,group,method,from,to,cum
headline,oer,F1,lasp_lag2,2014-12-01,2019-12-01,8.636615476972697
headline,oer,F1,lasp_lag2,2019-12-01,2024-12-01,22.557820106289217
headline,oer,F1,lasp_lag2,2019-12-01,2026-07-01,29.421613301772155
headline,oer,F1,lasp_lag1,2014-12-01,2019-12-01,8.611109281642904
headline,oer,F1,lasp_lag1,2019-12-01,2024-12-01,22.607858364030655
headline,oer,F1,lasp_lag1,2019-12-01,2026-07-01,NA
headline,oer,F1,lasp_lag0,2014-12-01,2019-12-01,8.310430091127374
headline,oer,F1,lasp_lag0,2019-12-01,2024-12-01,22.724924739409346
headline,oer,F1,lasp_lag0,2019-12-01,2026-07-01,NA
headline,oer,F1,tornqvist,2014-12-01,2019-12-01,8.118332683140416
headline,oer,F1,tornqvist,2019-12-01,2024-12-01,22.252924441890798
headline,oer,F1,tornqvist,2019-12-01,2026-07-01,NA
headline,oer,F1,tornqvist_ext,2014-12-01,2019-12-01,8.118332683140416
headline,oer,F1,tornqvist_ext,2019-12-01,2024-12-01,22.252924441890798
headline,oer,F1,tornqvist_ext,2019-12-01,2026-07-01,29.022788933993503
headline,oer,F1,annual_avg_lasp_lag2,2014-07-01,2019-07-01,7.149672021296993
headline,oer,F1,annual_avg_tornqvist,2014-07-01,2019-07-01,6.857562496731284
headline,oer,F1,annual_avg_lasp_lag2,2019-07-01,2024-07-01,22.45793401385596
headline,oer,F1,annual_avg_tornqvist,2019-07-01,2024-07-01,22.288030451048748
headline,oer,K1,lasp_lag2,2014-12-01,2019-12-01,8.665146040010319
headline,oer,K1,lasp_lag2,2019-12-01,2024-12-01,22.43006475343141
headline,oer,K1,lasp_lag2,2019-12-01,2026-07-01,29.271546615487743
headline,oer,K1,lasp_lag1,2014-12-01,2019-12-01,8.653229084418035
headline,oer,K1,lasp_lag1,2019-12-01,2024-12-01,22.630610707970256
headline,oer,K1,lasp_lag1,2019-12-01,2026-07-01,NA
headline,oer,K1,lasp_lag0,2014-12-01,2019-12-01,8.36092251626317
headline,oer,K1,lasp_lag0,2019-12-01,2024-12-01,22.835489713977996
headline,oer,K1,lasp_lag0,2019-12-01,2026-07-01,NA
headline,oer,K1,tornqvist,2014-12-01,2019-12-01,8.171774782513207
headline,oer,K1,tornqvist,2019-12-01,2024-12-01,22.32633104942534
headline,oer,K1,tornqvist,2019-12-01,2026-07-01,NA
headline,oer,K1,tornqvist_ext,2014-12-01,2019-12-01,8.171774782513207
headline,oer,K1,tornqvist_ext,2019-12-01,2024-12-01,22.32633104942534
headline,oer,K1,tornqvist_ext,2019-12-01,2026-07-01,29.074618013634137
headline,oer,K1,annual_avg_lasp_lag2,2014-07-01,2019-07-01,7.210591668968402
headline,oer,K1,annual_avg_tornqvist,2014-07-01,2019-07-01,6.931809364906005
headline,oer,K1,annual_avg_lasp_lag2,2019-07-01,2024-07-01,22.280518502917324
headline,oer,K1,annual_avg_tornqvist,2019-07-01,2024-07-01,22.354545576472983
headline,oer,10,lasp_lag2,2014-12-01,2019-12-01,9.688561148702203
headline,oer,10,lasp_lag2,2019-12-01,2024-12-01,23.222963636213635
headline,oer,10,lasp_lag2,2019-12-01,2026-07-01,30.10770399629088
headline,oer,10,lasp_lag1,2014-12-01,2019-12-01,9.620740819756923
headline,oer,10,lasp_lag1,2019-12-01,2024-12-01,23.14416565891051
headline,oer,10,lasp_lag1,2019-12-01,2026-07-01,NA
headline,oer,10,lasp_lag0,2014-12-01,2019-12-01,9.253184333007436
headline,oer,10,lasp_lag0,2019-12-01,2024-12-01,23.069185510714153
headline,oer,10,lasp_lag0,2019-12-01,2026-07-01,NA
headline,oer,10,tornqvist,2014-12-01,2019-12-01,9.105410857593355
headline,oer,10,tornqvist,2019-12-01,2024-12-01,22.723079379166933
headline,oer,10,tornqvist,2019-12-01,2026-07-01,NA
headline,oer,10,tornqvist_ext,2014-12-01,2019-12-01,9.105410857593355
headline,oer,10,tornqvist_ext,2019-12-01,2024-12-01,22.723079379166933
headline,oer,10,tornqvist_ext,2019-12-01,2026-07-01,29.49056707397655
headline,oer,10,annual_avg_lasp_lag2,2014-07-01,2019-07-01,8.288591232474385
headline,oer,10,annual_avg_tornqvist,2014-07-01,2019-07-01,7.883023657510568
headline,oer,10,annual_avg_lasp_lag2,2019-07-01,2024-07-01,23.103987982730235
headline,oer,10,annual_avg_tornqvist,2019-07-01,2024-07-01,22.778885025947893
headline,oer,01,lasp_lag2,2014-12-01,2019-12-01,9.070666165964658
headline,oer,01,lasp_lag2,2019-12-01,2024-12-01,22.73863657344739
headline,oer,01,lasp_lag2,2019-12-01,2026-07-01,29.61859385764809
headline,oer,01,lasp_lag1,2014-12-01,2019-12-01,9.02555033853687
headline,oer,01,lasp_lag1,2019-12-01,2024-12-01,22.750642960171707
headline,oer,01,lasp_lag1,2019-12-01,2026-07-01,NA
headline,oer,01,lasp_lag0,2014-12-01,2019-12-01,8.698633209836615
headline,oer,01,lasp_lag0,2019-12-01,2024-12-01,22.70056421208484
headline,oer,01,lasp_lag0,2019-12-01,2026-07-01,NA
headline,oer,01,tornqvist,2014-12-01,2019-12-01,8.528499676798095
headline,oer,01,tornqvist,2019-12-01,2024-12-01,22.325669174108743
headline,oer,01,tornqvist,2019-12-01,2026-07-01,NA
headline,oer,01,tornqvist_ext,2014-12-01,2019-12-01,8.528499676798095
headline,oer,01,tornqvist_ext,2019-12-01,2024-12-01,22.325669174108743
headline,oer,01,tornqvist_ext,2019-12-01,2026-07-01,29.10378295064784
headline,oer,01,annual_avg_lasp_lag2,2014-07-01,2019-07-01,7.624591531093916
headline,oer,01,annual_avg_tornqvist,2014-07-01,2019-07-01,7.282240138097262
headline,oer,01,annual_avg_lasp_lag2,2019-07-01,2024-07-01,22.62131981811464
headline,oer,01,annual_avg_tornqvist,2019-07-01,2024-07-01,22.351763255409175
headline,oer,03,lasp_lag2,2014-12-01,2019-12-01,8.99876025826818
headline,oer,03,lasp_lag2,2019-12-01,2024-12-01,22.33944756685822
headline,oer,03,lasp_lag2,2019-12-01,2026-07-01,29.217896486072693
headline,oer,03,lasp_lag1,2014-12-01,2019-12-01,8.928002492809117
headline,oer,03,lasp_lag1,2019-12-01,2024-12-01,22.40445926401746
headline,oer,03,lasp_lag1,2019-12-01,2026-07-01,NA
headline,oer,03,lasp_lag0,2014-12-01,2019-12-01,8.60876802345485
headline,oer,03,lasp_lag0,2019-12-01,2024-12-01,22.176475724907128
headline,oer,03,lasp_lag0,2019-12-01,2026-07-01,NA
headline,oer,03,tornqvist,2014-12-01,2019-12-01,8.44901428067526
headline,oer,03,tornqvist,2019-12-01,2024-12-01,21.896713733106843
headline,oer,03,tornqvist,2019-12-01,2026-07-01,NA
headline,oer,03,tornqvist_ext,2014-12-01,2019-12-01,8.44901428067526
headline,oer,03,tornqvist_ext,2019-12-01,2024-12-01,21.896713733106843
headline,oer,03,tornqvist_ext,2019-12-01,2026-07-01,28.677682455725993
headline,oer,03,annual_avg_lasp_lag2,2014-07-01,2019-07-01,7.611485714534094
headline,oer,03,annual_avg_tornqvist,2014-07-01,2019-07-01,7.235946048537678
headline,oer,03,annual_avg_lasp_lag2,2019-07-01,2024-07-01,22.198110895039736
headline,oer,03,annual_avg_tornqvist,2019-07-01,2024-07-01,21.83804367400097
headline,exsh,F1,lasp_lag2,2014-12-01,2019-12-01,5.266970718956654
headline,exsh,F1,lasp_lag2,2019-12-01,2024-12-01,20.66587118577403
headline,exsh,F1,lasp_lag2,2019-12-01,2026-07-01,27.480506938821826
headline,exsh,F1,lasp_lag1,2014-12-01,2019-12-01,5.331707431999844
headline,exsh,F1,lasp_lag1,2019-12-01,2024-12-01,20.835049706387764
headline,exsh,F1,lasp_lag1,2019-12-01,2026-07-01,NA
headline,exsh,F1,lasp_lag0,2014-12-01,2019-12-01,4.995141690649207
headline,exsh,F1,lasp_lag0,2019-12-01,2024-12-01,20.959367776425175
headline,exsh,F1,lasp_lag0,2019-12-01,2026-07-01,NA
headline,exsh,F1,tornqvist,2014-12-01,2019-12-01,4.780109699387669
headline,exsh,F1,tornqvist,2019-12-01,2024-12-01,20.432731406506566
headline,exsh,F1,tornqvist,2019-12-01,2026-07-01,NA
headline,exsh,F1,tornqvist_ext,2014-12-01,2019-12-01,4.780109699387669
headline,exsh,F1,tornqvist_ext,2019-12-01,2024-12-01,20.432731406506566
headline,exsh,F1,tornqvist_ext,2019-12-01,2026-07-01,27.10103055274551
headline,exsh,F1,annual_avg_lasp_lag2,2014-07-01,2019-07-01,3.300289195751027
headline,exsh,F1,annual_avg_tornqvist,2014-07-01,2019-07-01,3.079435952429521
headline,exsh,F1,annual_avg_lasp_lag2,2019-07-01,2024-07-01,20.869174274220835
headline,exsh,F1,annual_avg_tornqvist,2019-07-01,2024-07-01,20.778664002222524
headline,exsh,K1,lasp_lag2,2014-12-01,2019-12-01,5.196208950658221
headline,exsh,K1,lasp_lag2,2019-12-01,2024-12-01,20.422337801532308
headline,exsh,K1,lasp_lag2,2019-12-01,2026-07-01,27.223790708118067
headline,exsh,K1,lasp_lag1,2014-12-01,2019-12-01,5.281946926827863
headline,exsh,K1,lasp_lag1,2019-12-01,2024-12-01,20.88166602214998
headline,exsh,K1,lasp_lag1,2019-12-01,2026-07-01,NA
headline,exsh,K1,lasp_lag0,2014-12-01,2019-12-01,4.956225313944085
headline,exsh,K1,lasp_lag0,2019-12-01,2024-12-01,21.049275708698566
headline,exsh,K1,lasp_lag0,2019-12-01,2026-07-01,NA
headline,exsh,K1,tornqvist,2014-12-01,2019-12-01,4.7451481143172325
headline,exsh,K1,tornqvist,2019-12-01,2024-12-01,20.50630722512934
headline,exsh,K1,tornqvist,2019-12-01,2026-07-01,NA
headline,exsh,K1,tornqvist_ext,2014-12-01,2019-12-01,4.7451481143172325
headline,exsh,K1,tornqvist_ext,2019-12-01,2024-12-01,20.50630722512934
headline,exsh,K1,tornqvist_ext,2019-12-01,2026-07-01,27.159996098930694
headline,exsh,K1,annual_avg_lasp_lag2,2014-07-01,2019-07-01,3.251212677720461
headline,exsh,K1,annual_avg_tornqvist,2014-07-01,2019-07-01,3.067710281816982
headline,exsh,K1,annual_avg_lasp_lag2,2019-07-01,2024-07-01,20.58319165419835
headline,exsh,K1,annual_avg_tornqvist,2019-07-01,2024-07-01,20.821565103977058
headline,exsh,10,lasp_lag2,2014-12-01,2019-12-01,5.488727625271661
headline,exsh,10,lasp_lag2,2019-12-01,2024-12-01,20.90765548163207
headline,exsh,10,lasp_lag2,2019-12-01,2026-07-01,27.89278133396593
headline,exsh,10,lasp_lag1,2014-12-01,2019-12-01,5.446145830254356
headline,exsh,10,lasp_lag1,2019-12-01,2024-12-01,21.073770192027386
headline,exsh,10,lasp_lag1,2019-12-01,2026-07-01,NA
headline,exsh,10,lasp_lag0,2014-12-01,2019-12-01,5.073224324114367
headline,exsh,10,lasp_lag0,2019-12-01,2024-12-01,20.856146787918185
headline,exsh,10,lasp_lag0,2019-12-01,2026-07-01,NA
headline,exsh,10,tornqvist,2014-12-01,2019-12-01,4.872686187827013
headline,exsh,10,tornqvist,2019-12-01,2024-12-01,20.510986340208447
headline,exsh,10,tornqvist,2019-12-01,2026-07-01,NA
headline,exsh,10,tornqvist_ext,2014-12-01,2019-12-01,4.872686187827013
headline,exsh,10,tornqvist_ext,2019-12-01,2024-12-01,20.510986340208447
headline,exsh,10,tornqvist_ext,2019-12-01,2026-07-01,27.322721817960648
headline,exsh,10,annual_avg_lasp_lag2,2014-07-01,2019-07-01,3.461785108194726
headline,exsh,10,annual_avg_tornqvist,2014-07-01,2019-07-01,3.111739140546521
headline,exsh,10,annual_avg_lasp_lag2,2019-07-01,2024-07-01,21.16428831375261
headline,exsh,10,annual_avg_tornqvist,2019-07-01,2024-07-01,20.90729048803237
headline,exsh,01,lasp_lag2,2014-12-01,2019-12-01,5.3813452159732655
headline,exsh,01,lasp_lag2,2019-12-01,2024-12-01,20.556533829111757
headline,exsh,01,lasp_lag2,2019-12-01,2026-07-01,27.408189783748192
headline,exsh,01,lasp_lag1,2014-12-01,2019-12-01,5.403588183357533
headline,exsh,01,lasp_lag1,2019-12-01,2024-12-01,20.810907678863156
headline,exsh,01,lasp_lag1,2019-12-01,2026-07-01,NA
headline,exsh,01,lasp_lag0,2014-12-01,2019-12-01,5.039643763000634
headline,exsh,01,lasp_lag0,2019-12-01,2024-12-01,20.66615086702086
headline,exsh,01,lasp_lag0,2019-12-01,2026-07-01,NA
headline,exsh,01,tornqvist,2014-12-01,2019-12-01,4.841395479695265
headline,exsh,01,tornqvist,2019-12-01,2024-12-01,20.281516125102073
headline,exsh,01,tornqvist,2019-12-01,2026-07-01,NA
headline,exsh,01,tornqvist_ext,2014-12-01,2019-12-01,4.841395479695265
headline,exsh,01,tornqvist_ext,2019-12-01,2024-12-01,20.281516125102073
headline,exsh,01,tornqvist_ext,2019-12-01,2026-07-01,26.985244435540334
headline,exsh,01,annual_avg_lasp_lag2,2014-07-01,2019-07-01,3.386406209914239
headline,exsh,01,annual_avg_tornqvist,2014-07-01,2019-07-01,3.0927658461286534
headline,exsh,01,annual_avg_lasp_lag2,2019-07-01,2024-07-01,20.808743271106668
headline,exsh,01,annual_avg_tornqvist,2019-07-01,2024-07-01,20.65464492135689
headline,exsh,03,lasp_lag2,2014-12-01,2019-12-01,5.460921395342511
headline,exsh,03,lasp_lag2,2019-12-01,2024-12-01,19.891779010345466
headline,exsh,03,lasp_lag2,2019-12-01,2026-07-01,26.59436963105111
headline,exsh,03,lasp_lag1,2014-12-01,2019-12-01,5.460770769577028
headline,exsh,03,lasp_lag1,2019-12-01,2024-12-01,20.333528339126428
headline,exsh,03,lasp_lag1,2019-12-01,2026-07-01,NA
headline,exsh,03,lasp_lag0,2014-12-01,2019-12-01,5.0798798825777425
headline,exsh,03,lasp_lag0,2019-12-01,2024-12-01,19.937419137710787
headline,exsh,03,lasp_lag0,2019-12-01,2026-07-01,NA
headline,exsh,03,tornqvist,2014-12-01,2019-12-01,4.9048015630624775
headline,exsh,03,tornqvist,2019-12-01,2024-12-01,19.694193242855306
headline,exsh,03,tornqvist,2019-12-01,2026-07-01,NA
headline,exsh,03,tornqvist_ext,2014-12-01,2019-12-01,4.9048015630624775
headline,exsh,03,tornqvist_ext,2019-12-01,2024-12-01,19.694193242855306
headline,exsh,03,tornqvist_ext,2019-12-01,2026-07-01,26.267178301478843
headline,exsh,03,annual_avg_lasp_lag2,2014-07-01,2019-07-01,3.526082817135179
headline,exsh,03,annual_avg_tornqvist,2014-07-01,2019-07-01,3.1458478827093295
headline,exsh,03,annual_avg_lasp_lag2,2019-07-01,2024-07-01,20.189201522972656
headline,exsh,03,annual_avg_tornqvist,2019-07-01,2024-07-01,20.04135826925917
deep,oer,F1,lasp_lag2,2014-12-01,2019-12-01,8.538212669906887
deep,oer,F1,lasp_lag2,2019-12-01,2024-12-01,22.859203771827417
deep,oer,F1,lasp_lag2,2019-12-01,2026-07-01,29.803315830952926
deep,oer,F1,lasp_lag1,2014-12-01,2019-12-01,8.479374163679875
deep,oer,F1,lasp_lag1,2019-12-01,2024-12-01,23.120383066687424
deep,oer,F1,lasp_lag1,2019-12-01,2026-07-01,NA
deep,oer,F1,lasp_lag0,2014-12-01,2019-12-01,8.124133775394071
deep,oer,F1,lasp_lag0,2019-12-01,2024-12-01,22.900506759072314
deep,oer,F1,lasp_lag0,2019-12-01,2026-07-01,NA
deep,oer,F1,tornqvist,2014-12-01,2019-12-01,7.941240072951783
deep,oer,F1,tornqvist,2019-12-01,2024-12-01,22.491701474593118
deep,oer,F1,tornqvist,2019-12-01,2026-07-01,NA
deep,oer,F1,tornqvist_ext,2014-12-01,2019-12-01,7.941240072951783
deep,oer,F1,tornqvist_ext,2019-12-01,2024-12-01,22.491701474593118
deep,oer,F1,tornqvist_ext,2019-12-01,2026-07-01,29.344704107186747
deep,oer,F1,annual_avg_lasp_lag2,2014-07-01,2019-07-01,7.000641042947953
deep,oer,F1,annual_avg_tornqvist,2014-07-01,2019-07-01,6.580067263593681
deep,oer,F1,annual_avg_lasp_lag2,2019-07-01,2024-07-01,22.719847056634524
deep,oer,F1,annual_avg_tornqvist,2019-07-01,2024-07-01,22.472305520698654
deep,oer,K1,lasp_lag2,2014-12-01,2019-12-01,8.547454162225797
deep,oer,K1,lasp_lag2,2019-12-01,2024-12-01,22.79095393636068
deep,oer,K1,lasp_lag2,2019-12-01,2026-07-01,29.726285742605498
deep,oer,K1,lasp_lag1,2014-12-01,2019-12-01,8.534869802040767
deep,oer,K1,lasp_lag1,2019-12-01,2024-12-01,23.121678788519517
deep,oer,K1,lasp_lag1,2019-12-01,2026-07-01,NA
deep,oer,K1,lasp_lag0,2014-12-01,2019-12-01,8.173306777873623
deep,oer,K1,lasp_lag0,2019-12-01,2024-12-01,22.94767234478399
deep,oer,K1,lasp_lag0,2019-12-01,2026-07-01,NA
deep,oer,K1,tornqvist,2014-12-01,2019-12-01,8.001560520221496
deep,oer,K1,tornqvist,2019-12-01,2024-12-01,22.5284151527984
deep,oer,K1,tornqvist,2019-12-01,2026-07-01,NA
deep,oer,K1,tornqvist_ext,2014-12-01,2019-12-01,8.001560520221496
deep,oer,K1,tornqvist_ext,2019-12-01,2024-12-01,22.5284151527984
deep,oer,K1,tornqvist_ext,2019-12-01,2026-07-01,29.375156382581547
deep,oer,K1,annual_avg_lasp_lag2,2014-07-01,2019-07-01,7.037135331024014
deep,oer,K1,annual_avg_tornqvist,2014-07-01,2019-07-01,6.657339248913496
deep,oer,K1,annual_avg_lasp_lag2,2019-07-01,2024-07-01,22.598860564809065
deep,oer,K1,annual_avg_tornqvist,2019-07-01,2024-07-01,22.508590151510454
deep,oer,10,lasp_lag2,2014-12-01,2019-12-01,9.617336925017717
deep,oer,10,lasp_lag2,2019-12-01,2024-12-01,23.533904337621657
deep,oer,10,lasp_lag2,2019-12-01,2026-07-01,30.46604496295744
deep,oer,10,lasp_lag1,2014-12-01,2019-12-01,9.520576968204342
deep,oer,10,lasp_lag1,2019-12-01,2024-12-01,23.281837975734597
deep,oer,10,lasp_lag1,2019-12-01,2026-07-01,NA
deep,oer,10,lasp_lag0,2014-12-01,2019-12-01,9.11325904164373
deep,oer,10,lasp_lag0,2019-12-01,2024-12-01,23.293323808556778
deep,oer,10,lasp_lag0,2019-12-01,2026-07-01,NA
deep,oer,10,tornqvist,2014-12-01,2019-12-01,8.968568200059002
deep,oer,10,tornqvist,2019-12-01,2024-12-01,22.82490547035443
deep,oer,10,tornqvist,2019-12-01,2026-07-01,NA
deep,oer,10,tornqvist_ext,2014-12-01,2019-12-01,8.968568200059002
deep,oer,10,tornqvist_ext,2019-12-01,2024-12-01,22.82490547035443
deep,oer,10,tornqvist_ext,2019-12-01,2026-07-01,29.623513143675883
deep,oer,10,annual_avg_lasp_lag2,2014-07-01,2019-07-01,8.160293355034586
deep,oer,10,annual_avg_tornqvist,2014-07-01,2019-07-01,7.655563115084418
deep,oer,10,annual_avg_lasp_lag2,2019-07-01,2024-07-01,23.378999495687225
deep,oer,10,annual_avg_tornqvist,2019-07-01,2024-07-01,22.932816798604282
deep,oer,01,lasp_lag2,2014-12-01,2019-12-01,8.992482439803528
deep,oer,01,lasp_lag2,2019-12-01,2024-12-01,22.991692039285216
deep,oer,01,lasp_lag2,2019-12-01,2026-07-01,29.926861572296403
deep,oer,01,lasp_lag1,2014-12-01,2019-12-01,8.91762442045383
deep,oer,01,lasp_lag1,2019-12-01,2024-12-01,23.023429748875124
deep,oer,01,lasp_lag1,2019-12-01,2026-07-01,NA
deep,oer,01,lasp_lag0,2014-12-01,2019-12-01,8.534608901795092
deep,oer,01,lasp_lag0,2019-12-01,2024-12-01,22.846174964028165
deep,oer,01,lasp_lag0,2019-12-01,2026-07-01,NA
deep,oer,01,tornqvist,2014-12-01,2019-12-01,8.376529872000372
deep,oer,01,tornqvist,2019-12-01,2024-12-01,22.450224323117784
deep,oer,01,tornqvist,2019-12-01,2026-07-01,NA
deep,oer,01,tornqvist_ext,2014-12-01,2019-12-01,8.376529872000372
deep,oer,01,tornqvist_ext,2019-12-01,2024-12-01,22.450224323117784
deep,oer,01,tornqvist_ext,2019-12-01,2026-07-01,29.27461690659885
deep,oer,01,annual_avg_lasp_lag2,2014-07-01,2019-07-01,7.502811343835214
deep,oer,01,annual_avg_tornqvist,2014-07-01,2019-07-01,7.043093293959157
deep,oer,01,annual_avg_lasp_lag2,2019-07-01,2024-07-01,22.84440876735083
deep,oer,01,annual_avg_tornqvist,2019-07-01,2024-07-01,22.48214400134463
deep,oer,03,lasp_lag2,2014-12-01,2019-12-01,8.941700609791226
deep,oer,03,lasp_lag2,2019-12-01,2024-12-01,22.407467719518603
deep,oer,03,lasp_lag2,2019-12-01,2026-07-01,29.31167804997996
deep,oer,03,lasp_lag1,2014-12-01,2019-12-01,8.85207914485866
deep,oer,03,lasp_lag1,2019-12-01,2024-12-01,22.475585617088136
deep,oer,03,lasp_lag1,2019-12-01,2026-07-01,NA
deep,oer,03,lasp_lag0,2014-12-01,2019-12-01,8.43739714420353
deep,oer,03,lasp_lag0,2019-12-01,2024-12-01,22.181867726727077
deep,oer,03,lasp_lag0,2019-12-01,2026-07-01,NA
deep,oer,03,tornqvist,2014-12-01,2019-12-01,8.31403191398401
deep,oer,03,tornqvist,2019-12-01,2024-12-01,21.875718752270146
deep,oer,03,tornqvist,2019-12-01,2026-07-01,NA
deep,oer,03,tornqvist_ext,2014-12-01,2019-12-01,8.31403191398401
deep,oer,03,tornqvist_ext,2019-12-01,2024-12-01,21.875718752270146
deep,oer,03,tornqvist_ext,2019-12-01,2026-07-01,28.67402927444338
deep,oer,03,annual_avg_lasp_lag2,2014-07-01,2019-07-01,7.5504396742788416
deep,oer,03,annual_avg_tornqvist,2014-07-01,2019-07-01,7.03747802174759
deep,oer,03,annual_avg_lasp_lag2,2019-07-01,2024-07-01,22.258881398671072
deep,oer,03,annual_avg_tornqvist,2019-07-01,2024-07-01,21.867789425617843
deep,exsh,F1,lasp_lag2,2014-12-01,2019-12-01,5.0672272942410945
deep,exsh,F1,lasp_lag2,2019-12-01,2024-12-01,21.036205122232122
deep,exsh,F1,lasp_lag2,2019-12-01,2026-07-01,27.965601557529652
deep,exsh,F1,lasp_lag1,2014-12-01,2019-12-01,5.082440484856732
deep,exsh,F1,lasp_lag1,2019-12-01,2024-12-01,21.51325881811026
deep,exsh,F1,lasp_lag1,2019-12-01,2026-07-01,NA
deep,exsh,F1,lasp_lag0,2014-12-01,2019-12-01,4.673657175174828
deep,exsh,F1,lasp_lag0,2019-12-01,2024-12-01,21.1761271205946
deep,exsh,F1,lasp_lag0,2019-12-01,2026-07-01,NA
deep,exsh,F1,tornqvist,2014-12-01,2019-12-01,4.473997169231381
deep,exsh,F1,tornqvist,2019-12-01,2024-12-01,20.737251669255464
deep,exsh,F1,tornqvist,2019-12-01,2026-07-01,NA
deep,exsh,F1,tornqvist_ext,2014-12-01,2019-12-01,4.473997169231381
deep,exsh,F1,tornqvist_ext,2019-12-01,2024-12-01,20.737251669255464
deep,exsh,F1,tornqvist_ext,2019-12-01,2026-07-01,27.522345696194893
deep,exsh,F1,annual_avg_lasp_lag2,2014-07-01,2019-07-01,3.02968982367946
deep,exsh,F1,annual_avg_tornqvist,2014-07-01,2019-07-01,2.631669997648256
deep,exsh,F1,annual_avg_lasp_lag2,2019-07-01,2024-07-01,21.18745728432414
deep,exsh,F1,annual_avg_tornqvist,2019-07-01,2024-07-01,21.011398029872687
deep,exsh,K1,lasp_lag2,2014-12-01,2019-12-01,4.967513579127747
deep,exsh,K1,lasp_lag2,2019-12-01,2024-12-01,20.872040589570553
deep,exsh,K1,lasp_lag2,2019-12-01,2026-07-01,27.807985170259887
deep,exsh,K1,lasp_lag1,2014-12-01,2019-12-01,5.049156458782034
deep,exsh,K1,lasp_lag1,2019-12-01,2024-12-01,21.534969335929468
deep,exsh,K1,lasp_lag1,2019-12-01,2026-07-01,NA
deep,exsh,K1,lasp_lag0,2014-12-01,2019-12-01,4.633262413208472
deep,exsh,K1,lasp_lag0,2019-12-01,2024-12-01,21.173651342218335
deep,exsh,K1,lasp_lag0,2019-12-01,2026-07-01,NA
deep,exsh,K1,tornqvist,2014-12-01,2019-12-01,4.447643124503409
deep,exsh,K1,tornqvist,2019-12-01,2024-12-01,20.759575110937732
deep,exsh,K1,tornqvist,2019-12-01,2026-07-01,NA
deep,exsh,K1,tornqvist_ext,2014-12-01,2019-12-01,4.447643124503409
deep,exsh,K1,tornqvist_ext,2019-12-01,2024-12-01,20.759575110937732
deep,exsh,K1,tornqvist_ext,2019-12-01,2026-07-01,27.552628627836317
deep,exsh,K1,annual_avg_lasp_lag2,2014-07-01,2019-07-01,2.9434103546253976
deep,exsh,K1,annual_avg_tornqvist,2014-07-01,2019-07-01,2.623019805900473
deep,exsh,K1,annual_avg_lasp_lag2,2019-07-01,2024-07-01,20.9781270457446
deep,exsh,K1,annual_avg_tornqvist,2019-07-01,2024-07-01,21.010120213511296
deep,exsh,10,lasp_lag2,2014-12-01,2019-12-01,5.311441828538488
deep,exsh,10,lasp_lag2,2019-12-01,2024-12-01,21.327424348106128
deep,exsh,10,lasp_lag2,2019-12-01,2026-07-01,28.389651909373125
deep,exsh,10,lasp_lag1,2014-12-01,2019-12-01,5.217784994985775
deep,exsh,10,lasp_lag1,2019-12-01,2024-12-01,21.241822450169103
deep,exsh,10,lasp_lag1,2019-12-01,2026-07-01,NA
deep,exsh,10,lasp_lag0,2014-12-01,2019-12-01,4.7889095710852425
deep,exsh,10,lasp_lag0,2019-12-01,2024-12-01,21.155222948923445
deep,exsh,10,lasp_lag0,2019-12-01,2026-07-01,NA
deep,exsh,10,tornqvist,2014-12-01,2019-12-01,4.596154285819609
deep,exsh,10,tornqvist,2019-12-01,2024-12-01,20.6265019729458
deep,exsh,10,tornqvist,2019-12-01,2026-07-01,NA
deep,exsh,10,tornqvist_ext,2014-12-01,2019-12-01,4.596154285819609
deep,exsh,10,tornqvist_ext,2019-12-01,2024-12-01,20.6265019729458
deep,exsh,10,tornqvist_ext,2019-12-01,2026-07-01,27.48838522651138
deep,exsh,10,annual_avg_lasp_lag2,2014-07-01,2019-07-01,3.1971399829058056
deep,exsh,10,annual_avg_tornqvist,2014-07-01,2019-07-01,2.6956302815146493
deep,exsh,10,annual_avg_lasp_lag2,2019-07-01,2024-07-01,21.53561180122663
deep,exsh,10,annual_avg_tornqvist,2019-07-01,2024-07-01,21.105365452693924
deep,exsh,01,lasp_lag2,2014-12-01,2019-12-01,5.207896117404975
deep,exsh,01,lasp_lag2,2019-12-01,2024-12-01,20.87509289755969
deep,exsh,01,lasp_lag2,2019-12-01,2026-07-01,27.80934461691502
deep,exsh,01,lasp_lag1,2014-12-01,2019-12-01,5.182718376226481
deep,exsh,01,lasp_lag1,2019-12-01,2024-12-01,21.174255846472747
deep,exsh,01,lasp_lag1,2019-12-01,2026-07-01,NA
deep,exsh,01,lasp_lag0,2014-12-01,2019-12-01,4.741232195400125
deep,exsh,01,lasp_lag0,2019-12-01,2024-12-01,20.846352844843153
deep,exsh,01,lasp_lag0,2019-12-01,2026-07-01,NA
deep,exsh,01,tornqvist,2014-12-01,2019-12-01,4.562781946209649
deep,exsh,01,tornqvist,2019-12-01,2024-12-01,20.43230730801353
deep,exsh,01,tornqvist,2019-12-01,2026-07-01,NA
deep,exsh,01,tornqvist_ext,2014-12-01,2019-12-01,4.562781946209649
deep,exsh,01,tornqvist_ext,2019-12-01,2024-12-01,20.43230730801353
deep,exsh,01,tornqvist_ext,2019-12-01,2026-07-01,27.20411863664003
deep,exsh,01,annual_avg_lasp_lag2,2014-07-01,2019-07-01,3.148793176125886
deep,exsh,01,annual_avg_tornqvist,2014-07-01,2019-07-01,2.685923809966484
deep,exsh,01,annual_avg_lasp_lag2,2019-07-01,2024-07-01,21.088450428432104
deep,exsh,01,annual_avg_tornqvist,2019-07-01,2024-07-01,20.81833222305569
deep,exsh,03,lasp_lag2,2014-12-01,2019-12-01,5.3319176601756
deep,exsh,03,lasp_lag2,2019-12-01,2024-12-01,19.95221551332158
deep,exsh,03,lasp_lag2,2019-12-01,2026-07-01,26.691688249186086
deep,exsh,03,lasp_lag1,2014-12-01,2019-12-01,5.301804576292568
deep,exsh,03,lasp_lag1,2019-12-01,2024-12-01,20.41416720783442
deep,exsh,03,lasp_lag1,2019-12-01,2026-07-01,NA
deep,exsh,03,lasp_lag0,2014-12-01,2019-12-01,4.784650872528351
deep,exsh,03,lasp_lag0,2019-12-01,2024-12-01,19.918430457449965
deep,exsh,03,lasp_lag0,2019-12-01,2026-07-01,NA
deep,exsh,03,tornqvist,2014-12-01,2019-12-01,4.663503699863725
deep,exsh,03,tornqvist,2019-12-01,2024-12-01,19.637940081201123
deep,exsh,03,tornqvist,2019-12-01,2026-07-01,NA
deep,exsh,03,tornqvist_ext,2014-12-01,2019-12-01,4.663503699863725
deep,exsh,03,tornqvist_ext,2019-12-01,2024-12-01,19.637940081201123
deep,exsh,03,tornqvist_ext,2019-12-01,2026-07-01,26.23442256492652
deep,exsh,03,annual_avg_lasp_lag2,2014-07-01,2019-07-01,3.387945312274865
deep,exsh,03,annual_avg_tornqvist,2014-07-01,2019-07-01,2.8097697232945418
deep,exsh,03,annual_avg_lasp_lag2,2019-07-01,2024-07-01,20.24460976714122
deep,exsh,03,annual_avg_tornqvist,2019-07-01,2024-07-01,20.06513004332069
