year,cat_id,rse_impl,rse_pub,group
2012,05,0.014663507616137073,0.018867102396514162,01
2013,05,0.017202070870366393,0.02113095238095238,01
2014,05,0.02311660382758959,0.02599054125065686,01
2015,05,0.016345291459701875,0.019534762153685308,01
2016,05,0.013351416720178049,0.014489588623666836,01
2017,05,0.01647329216660887,0.02230992736077482,01
2018,05,0.018449537943842388,0.024095454545454545,01
2019,05,0.01714847853369594,0.019082908754052802,01
2020,05,0.019158899719132958,0.020841478963025923,01
2021,05,0.016467541974300223,0.018812121212121214,01
2022,05,0.016956237004535333,0.022459143968871595,01
2023,05,0.016028064989901378,0.01660915228807202,01
2024,05,0.016380095493065412,0.021672753834915997,01
2012,03,0.03336117815882763,0.03696230598669623,01
2013,03,0.03251759363505221,0.03896629213483146,01
2014,03,0.03167757025640828,0.03779697624190065,01
2015,03,0.03787592751692341,0.04227184466019417,01
2016,03,0.03281929712402644,0.03442148760330579,01
2017,03,0.03423152135698854,0.03553763440860215,01
2018,03,0.03643431748552928,0.031783876500857636,01
2019,03,0.03575174929606416,0.03915371329879102,01
2020,03,0.04350409581481131,0.04368200836820083,01
2021,03,0.04041574451108882,0.04167870036101083,01
2022,03,0.027027417596905124,0.029193825042881646,01
2023,03,0.03381971007776465,0.03486656200941916,01
2024,03,0.03737526142531956,0.035147744945567654,01
2012,40,0.04352014669072004,0.05624673288029273,01
2013,40,0.043870378511418714,0.05294438386041439,01
2014,40,0.03924727484071359,0.048803131991051456,01
2015,40,0.033084446374791,0.03759758108851017,01
2016,40,0.09959998058003038,0.10237385872176838,01
2017,40,0.03846357206743956,0.05122263747997864,01
2018,40,0.03974449472067232,0.04806673728813559,01
2019,40,0.04372591635305333,0.05485213032581454,01
2020,40,0.06893248089484821,0.07703022339027596,01
2021,40,0.06225374997014739,0.06785507246376812,01
2022,40,0.11689310286281672,0.1337350272232305,01
2023,40,0.07321834070798629,0.08155172413793103,01
2024,40,0.08239929390010431,0.08890488656195462,01
2012,29,0.022754514396628428,0.027106796116504857,01
2013,29,0.020819991953010795,0.02023404255319149,01
2014,29,0.024788575840676005,0.030576131687242797,01
2015,29,0.022274288883345043,0.023694117647058824,01
2016,29,0.023014984751876078,0.028833693304535637,01
2017,29,0.02575955511585637,0.025658436213991772,01
2018,29,0.023144819524012046,0.025838509316770186,01
2019,29,0.030020388699161512,0.028641975308641977,01
2020,29,0.037456929023446446,0.0423109243697479,01
2021,29,0.028457551741421654,0.02857429718875502,01
2022,29,0.09123201586936103,0.09513821138211381,01
2023,29,0.06507605447455356,0.06291032148900169,01
2024,29,0.028328922214041343,0.03724924012158055,01
2012,10,0.009830155961458842,0.01615994236311239,01
2013,10,0.010240890588235903,0.013270042194092828,01
2014,10,0.010000497478365436,0.013591644204851754,01
2015,10,0.007306819484632263,0.010157534246575343,01
2016,10,0.007216400265896424,0.011170360110803324,01
2017,10,0.008323927059844628,0.011725352112676056,01
2018,10,0.009101307893183586,0.01211898395721925,01
2019,10,0.009262552867145096,0.01220108695652174,01
2020,10,0.009868979715336837,0.013918205804749341,01
2021,10,0.009916708418022144,0.015138620245003225,01
2022,10,0.009075218037723208,0.013713606654783125,01
2023,10,0.010759615446372764,0.01584231423709586,01
2024,10,0.011791674158648013,0.016666666666666666,01
2012,34,0.07012062909036276,0.07049586776859504,01
2013,34,0.09011432339286025,0.06674220963172804,01
2014,34,0.0987384780951009,0.08894348894348895,01
2015,34,0.10587400738789396,0.10788079470198675,01
2016,34,0.08130631765210962,0.08844827586206895,01
2017,34,0.09862159100872184,0.10475792988313856,01
2018,34,0.15949936553768143,0.15535830618892507,01
2019,34,0.10462523450050365,0.08799485861182518,01
2020,34,0.17253717599005797,0.17519861830742658,01
2021,34,0.1335995378346882,0.1325081081081081,01
2022,34,0.09455600107571073,0.11388252148997134,01
2023,34,0.09115537573685656,0.11226646248085759,01
2024,34,0.08691404154743132,0.08835937499999999,01
2012,31,0.02616243934822511,0.03307817589576547,01
2013,31,0.029707491743056744,0.036572934973637956,01
2014,31,0.033908042791402415,0.041855345911949685,01
2015,31,0.031166839816042388,0.03858895705521472,01
2016,31,0.02898229101433764,0.03211453744493392,01
2017,31,0.031159300981283396,0.043546666666666664,01
2018,31,0.03140326851765306,0.04090078328981723,01
2019,31,0.13958482108440948,0.1416818181818182,01
2020,31,0.039857693801029846,0.04915294117647059,01
2021,31,0.061755185385895875,0.06599388379204893,01
2022,31,0.03634200183013533,0.04495798319327732,01
2023,31,0.03743029709469065,0.07112513144058885,01
2024,31,0.03970087903632829,0.042545454545454546,01
2012,02,0.014584505135624516,0.017079910380881254,01
2013,02,0.01591217256063984,0.019401904761904763,01
2014,02,0.01647873708680407,0.018310010764262648,01
2015,02,0.014973290217840671,0.015565159574468084,01
2016,02,0.017715208868626608,0.020526315789473684,01
2017,02,0.01658738945434192,0.01739970282317979,01
2018,02,0.016800310050542683,0.01803411390575311,01
2019,02,0.01908764257845536,0.018959160521837774,01
2020,02,0.023858947015989,0.026833684210526315,01
2021,02,0.019213907344078834,0.0213993399339934,01
2022,02,0.020073037869636403,0.021401483924154988,01
2023,02,0.017689334462309653,0.017551487414187644,01
2024,02,0.018556487037411917,0.01870722433460076,01
2012,01,0.012029094175679756,0.01351185921958684,01
2013,01,0.01302082327900453,0.015863716369122455,01
2014,01,0.011998048599161155,0.014253336691009822,01
2015,01,0.011635195193671502,0.012478206724782068,01
2016,01,0.011991668199467478,0.013662632748826871,01
2017,01,0.011095015123450753,0.011482924593169838,01
2018,01,0.013294378262091545,0.01426747311827957,01
2019,01,0.014628822888355214,0.017088089597243162,01
2020,01,0.016947235851328468,0.02020841764467827,01
2021,01,0.014485397968313461,0.01913861950941244,01
2022,01,0.014273929774995172,0.01576714010170086,01
2023,01,0.012993042276124817,0.014027754832314554,01
2024,01,0.014339202911639965,0.019008676092544988,01
2012,21,0.04094766100240295,0.037204610951008646,01
2013,21,0.04425618918565561,0.048306188925081435,01
2014,21,0.04840293233440562,0.04656675749318801,01
2015,21,0.05175792869831491,0.0546045197740113,01
2016,21,0.046951801209007174,0.04860824742268041,01
2017,21,0.047186198507244405,0.05424802110817942,01
2018,21,0.04823993209108697,0.043061224489795914,01
2019,21,0.059674804930196154,0.06372315035799522,01
2020,21,0.07971198787257655,0.08203821656050955,01
2021,21,0.05177636473598076,0.051726190476190474,01
2022,21,0.0630417280322154,0.06318295739348372,01
2023,21,0.04788066626137907,0.04912162162162162,01
2024,21,0.052789595340573085,0.05661605206073753,01
2023,24,0.010684214658142462,0.01330363771343727,01
2024,24,0.011159253057164855,0.013062381852551984,01
2012,24,0.007867187191865051,0.009067489114658926,01
2013,24,0.008538061074611598,0.009601685178092685,01
2014,24,0.008533577999113277,0.009756888168557536,01
2015,24,0.00833392378644762,0.011564593301435408,01
2016,24,0.00862825028031607,0.011974855945521215,01
2017,24,0.009387746604818623,0.01304369918699187,01
2018,24,0.008768944172006618,0.011062114746325272,01
2019,24,0.009006593930380903,0.010238777459407832,01
2020,24,0.009884423609042693,0.011536989795918367,01
2021,24,0.010209611684135655,0.012206703910614524,01
2022,24,0.011014725593953433,0.013801282051282051,01
2012,17,0.021594605139686356,0.022943037974683545,01
2013,17,0.023641752083571037,0.027256809338521402,01
2014,17,0.02521176410624848,0.029165085388994306,01
2015,17,0.025507092149330706,0.030935093509350937,01
2016,17,0.02747857661403827,0.02858939311098961,01
2017,17,0.027214269065684513,0.029466532460996477,01
2018,17,0.03941599616655544,0.04100246913580247,01
2019,17,0.03405049461772145,0.03265967588179218,01
2020,17,0.060152041782012965,0.058789428815004256,01
2021,17,0.0310645180812139,0.032898926323583856,01
2022,17,0.027047985658473436,0.02756331542594014,01
2023,17,0.028117281032204986,0.02930223285486443,01
2024,17,0.026062889203016346,0.031242750621375312,01
2012,15,0.018615801910897296,0.019759797724399494,01
2013,15,0.017319993821182902,0.01627577319587629,01
2014,15,0.0192138964107353,0.020408415841584156,01
2015,15,0.02183399599781283,0.02515873015873016,01
2016,15,0.015218536264527086,0.018619201725997844,01
2017,15,0.016341207432228985,0.02220966084275437,01
2018,15,0.016603312518174887,0.020447619047619048,01
2019,15,0.01612961527981831,0.01901017576318224,01
2020,15,0.021698725452046923,0.02474060822898032,01
2021,15,0.020084014475354142,0.022680412371134023,01
2022,15,0.01732507920761631,0.023034533431300516,01
2023,15,0.018165279249863317,0.023233449477351918,01
2024,15,0.019766349750180042,0.0236608442503639,01
2012,16,0.019443958059674204,0.02439344262295082,01
2013,16,0.026752805957303567,0.027643410852713175,01
2014,16,0.02464457793589207,0.02947784810126582,01
2015,16,0.022895152933121127,0.025099236641221375,01
2016,16,0.021292688389918338,0.01793939393939394,01
2017,16,0.029767472717214156,0.031231788079470198,01
2018,16,0.030046103253679218,0.030602409638554217,01
2019,16,0.026172652902642656,0.023785900783289817,01
2020,16,0.03434795102320815,0.038183990442054956,01
2021,16,0.033205042608979135,0.03293897882938979,01
2022,16,0.029941651944387488,0.023176620076238878,01
2023,16,0.02729119256935082,0.028044009779951102,01
2024,16,0.029680188936500037,0.027229190421892816,01
2012,27,0.013966315191906935,0.016385249878699663,01
2013,27,0.014120606012165015,0.01591296545536115,01
2014,27,0.015805206915485533,0.020620641562064158,01
2015,27,0.01126763726314412,0.012976150487067519,01
2016,27,0.011175103816851611,0.013329113924050633,01
2017,27,0.011357694668659114,0.012469244288224957,01
2018,27,0.01270781428272857,0.014581497797356827,01
2019,27,0.011007237733887404,0.013244545196939643,01
2020,27,0.011981688645742016,0.015887646577583854,01
2021,27,0.011588753640522519,0.013053455723542117,01
2022,27,0.011839440992080556,0.011701795472287274,01
2023,27,0.011264094506309054,0.012022721659669054,01
2024,27,0.012613973789690624,0.015612823674475956,01
2012,20,0.06438512955288532,0.06634920634920634,01
2013,20,0.07434210365980239,0.0688,01
2014,20,0.05683802919427599,0.07013157894736842,01
2015,20,0.0981276580029423,0.08578313253012049,01
2016,20,0.08021386158066929,0.075,01
2017,20,0.08187876706943642,0.0835064935064935,01
2018,20,0.07639216425504891,0.08987179487179486,01
2019,20,0.08319694624867109,0.09306666666666667,01
2020,20,0.10963886185297289,0.08911764705882352,01
2021,20,0.09594370861058493,0.11166666666666666,01
2022,20,0.10043428087150737,0.11391891891891892,01
2023,20,0.09356253455238243,0.08499999999999999,01
2024,20,0.09524178845659555,0.10363636363636364,01
2012,41,0.016108319983402196,0.01856197460203899,01
2013,41,0.01649640474889094,0.02091353111432706,01
2014,41,0.015603659671407108,0.018117359413202933,01
2015,41,0.01676891150536541,0.01836037171208064,01
2016,41,0.020941755649438943,0.0214170692431562,01
2017,41,0.017687963457205268,0.021336582484123467,01
2018,41,0.021086537483037567,0.022109375,01
2019,41,0.01453575081531116,0.018294487090020937,01
2020,41,0.013639750902922089,0.01503174165056583,01
2021,41,0.014575002108239143,0.017591769338244634,01
2022,41,0.016252616888660573,0.01941203385952871,01
2023,41,0.016121904600360955,0.020505441607367097,01
2024,41,0.015143744733491577,0.01718383178524038,01
2012,28,0.036535430053844714,0.04466030989272944,01
2013,28,0.03636721234728922,0.03719849246231156,01
2014,28,0.03685568137689575,0.036658227848101264,01
2015,28,0.03700410434638332,0.044121365360303415,01
2016,28,0.03241356839226776,0.041384248210023865,01
2017,28,0.0320012484821156,0.03721330275229358,01
2018,28,0.03052674352041867,0.033575357535753574,01
2019,28,0.03608805326653961,0.03729674796747968,01
2020,28,0.040521117117550076,0.038425925925925926,01
2021,28,0.03948754742057062,0.04787850467289719,01
2022,28,0.04711135748701759,0.0520777027027027,01
2023,28,0.04220220688880747,0.04727635782747604,01
2024,28,0.0377501946520121,0.04296325878594249,01
2012,30,0.04119266061185824,0.043943661971830986,01
2013,30,0.04318672788153456,0.04207407407407407,01
2014,30,0.04094737709636069,0.047602739726027396,01
2015,30,0.039493204680873736,0.03885906040268457,01
2016,30,0.03460039856314023,0.03291390728476821,01
2017,30,0.0424595239794471,0.0492948717948718,01
2018,30,0.03702556835018567,0.04581395348837209,01
2019,30,0.06253155268227316,0.06273195876288659,01
2020,30,0.044598892511607494,0.05135294117647059,01
2021,30,0.03966487168176276,0.04701657458563536,01
2022,30,0.04540476517901212,0.041961722488038276,01
2023,30,0.05178642966815094,0.05460674157303371,01
2024,30,0.08135610281914996,0.08536480686695279,01
2012,18,0.033058675987046496,0.03,01
2013,18,0.04087510742352738,0.03893048128342246,01
2014,18,0.038163061268592015,0.03623255813953488,01
2015,18,0.04008689241526323,0.041469194312796206,01
2016,18,0.04678335124343013,0.05081967213114754,01
2017,18,0.03548835655510048,0.03705882352941176,01
2018,18,0.04480739281437097,0.04669047619047619,01
2019,18,0.05239268694581998,0.058411633109619686,01
2020,18,0.07648438550753552,0.07226993865030674,01
2021,18,0.05371819672073695,0.04469339622641509,01
2022,18,0.04528039774730888,0.050594713656387666,01
2023,18,0.05012807680994229,0.05601593625498008,01
2024,18,0.05284081307588348,0.05074946466809422,01
2012,09,0.01993032127348368,0.03337047353760446,01
2013,09,0.018597013662127723,0.028854961832061068,01
2014,09,0.02082562377420467,0.03341685649202734,01
2015,09,0.020158969366194556,0.03199524940617578,01
2016,09,0.019287186519458967,0.02963380281690141,01
2017,09,0.017323125349772064,0.029422572178477692,01
2018,09,0.01808096678012331,0.026926829268292683,01
2019,09,0.01837325722328294,0.02576923076923077,01
2020,09,0.021381525007744137,0.03282608695652174,01
2021,09,0.021700277393038002,0.03422818791946309,01
2022,09,0.0213571252692745,0.0282803738317757,01
2023,09,0.020900387582590746,0.03138888888888889,01
2024,09,0.021849763044537732,0.031683569979716025,01
2012,22,0.039321256527968716,0.036173913043478265,01
2013,22,0.04137093760661858,0.04251184834123223,01
2014,22,0.09043316396473389,0.0958203125,01
2015,22,0.16040875956617967,0.16109965635738832,01
2016,22,0.12313001002594372,0.12054474708171206,01
2017,22,0.051219147924498845,0.05360995850622407,01
2018,22,0.05366718399295703,0.059774774774774775,01
2019,22,0.05854367445838225,0.06725738396624473,01
2020,22,0.0642560793169545,0.06016574585635359,01
2021,22,0.12284123600142502,0.12866171003717472,01
2022,22,0.08867236964180308,0.08904593639575971,01
2023,22,0.05370912166217876,0.0524907063197026,01
2024,22,0.05258774299931421,0.05119047619047619,01
2012,08,0.03297727495353467,0.03496147919876734,01
2013,08,0.03742655296498777,0.039244992295839755,01
2014,08,0.04340387086613878,0.05446478873239437,01
2015,08,0.04958323723891729,0.057383561643835616,01
2016,08,0.03660323608362396,0.04259398496240602,01
2017,08,0.03492985368511193,0.03670076726342711,01
2018,08,0.03131332531380854,0.034116930572472594,01
2019,08,0.03845216880884821,0.040509885535900104,01
2020,08,0.06049627579238593,0.05594182825484765,01
2021,08,0.03658046401694898,0.03803662258392675,01
2022,08,0.037100719880015634,0.04327894327894328,01
2023,08,0.04682133822326432,0.0672097902097902,01
2024,08,0.04045786672871007,0.04089086859688196,01
2012,11,0.04213669040967386,0.04613138686131387,01
2013,11,0.044666826879772636,0.06091549295774648,01
2014,11,0.047881573058700784,0.0643421052631579,01
2015,11,0.053793221182656316,0.07206896551724137,01
2016,11,0.048750093498174135,0.06835294117647059,01
2017,11,0.05704027172924592,0.09000000000000001,01
2018,11,0.05319771023353498,0.07157024793388429,01
2019,11,0.05019178628920823,0.058141592920353986,01
2020,11,0.052044302461089154,0.06828571428571428,01
2021,11,0.06862174712542847,0.08524590163934427,01
2022,11,0.065708070682646,0.0886875,01
2023,11,0.05410109238251361,0.060642857142857144,01
2024,11,0.053949765742917447,0.054,01
2012,06,0.028463367124208026,0.030138768430182133,01
2013,06,0.027630051325998505,0.023045685279187815,01
2014,06,0.030247984939503102,0.025228151585460167,01
2015,06,0.029374102655783954,0.027426981919332405,01
2016,06,0.029414054483291912,0.02695198329853862,01
2017,06,0.03939357570486613,0.035668316831683165,01
2018,06,0.03584255409811251,0.04493834409864944,01
2019,06,0.03404548793506353,0.034662054284193715,01
2020,06,0.03052761624152844,0.02578776645041705,01
2021,06,0.031074411315833654,0.032873661670235546,01
2022,06,0.031069063480391058,0.03484173505275498,01
2023,06,0.02981938421108726,0.03293959215082724,01
2024,06,0.042242621738455485,0.03923444976076555,01
2012,04,0.01687260857573508,0.022200847733941965,01
2013,04,0.018127228703770492,0.02124756335282651,01
2014,04,0.017911408510774954,0.02246867592279038,01
2015,04,0.01956930226111737,0.020080447708989157,01
2016,04,0.017994766424452028,0.018120456905503634,01
2017,04,0.019313445703284752,0.02244716692189893,01
2018,04,0.018142086896487115,0.020518918918918917,01
2019,04,0.0199987538105376,0.017521739130434782,01
2020,04,0.01898753715185469,0.017164078325455773,01
2021,04,0.026293203493379373,0.028007910823444806,01
2022,04,0.021101320755653914,0.023453724604966142,01
2023,04,0.022409244660014104,0.022585152838427946,01
2024,04,0.020973953151688558,0.023074602303894676,01
2012,35,0.019113324500162645,0.019426751592356687,01
2013,35,0.020228683756083447,0.02457236842105263,01
2014,35,0.016897797755639352,0.018651162790697673,01
2015,35,0.019060668363731586,0.01581259150805271,01
2016,35,0.01737933346943367,0.01594059405940594,01
2017,35,0.01859360699441346,0.02,01
2018,35,0.021088777386306778,0.0246875,01
2019,35,0.019064341298570105,0.017608142493638675,01
2020,35,0.025623134403273573,0.025495356037151702,01
2021,35,0.021302643124480082,0.02456549935149157,01
2022,35,0.021991567628533056,0.020969976905311778,01
2023,35,0.02442343161722637,0.02610526315789474,01
2024,35,0.02229036663331693,0.028302658486707565,01
2012,33,0.04023589843475519,0.04469135802469136,01
2013,33,0.039461632948144476,0.04432885906040269,01
2014,33,0.040164446532947436,0.04626182965299684,01
2015,33,0.03807783099247953,0.03663093415007657,01
2016,33,0.06144508659998779,0.061675675675675674,01
2017,33,0.07019627854281454,0.07615650172612198,01
2018,33,0.046543392157696796,0.05268382352941177,01
2019,33,0.04542761675553436,0.048964677222898906,01
2020,33,0.09751583255169413,0.1021303841676368,01
2021,33,0.050622482261610924,0.05685242518059856,01
2022,33,0.03313462894080784,0.03616740088105727,01
2023,33,0.04083149886191153,0.053235572374645226,01
2024,33,0.06271919802054435,0.07081384471468663,01
2012,12,0.008245117692489848,0.010484261501210655,01
2013,12,0.008353370252907343,0.008528717545239968,01
2014,12,0.009104526838921151,0.011041825095057033,01
2015,12,0.00800103561528152,0.009621380846325168,01
2016,12,0.007782290972522847,0.009517819706498952,01
2017,12,0.008473813129941495,0.0128023598820059,01
2018,12,0.00852687699111079,0.01042643923240938,01
2019,12,0.00861909262524273,0.009488999290276792,01
2020,12,0.009255470349999843,0.00945176960444136,01
2021,12,0.009164256582903482,0.011724627395315827,01
2022,12,0.009366176036563622,0.011194968553459118,01
2023,12,0.01102359601211474,0.014354953670705632,01
2024,12,0.010119467459549197,0.01336986301369863,01
2012,26,0.02580610434646179,0.030959409594095943,01
2013,26,0.03345285632080332,0.03,01
2014,26,0.03306635703775823,0.04074010327022375,01
2015,26,0.033761172763346156,0.038305597579425116,01
2016,26,0.02924800725287558,0.033065810593900485,01
2017,26,0.02935505304393935,0.030646067415730338,01
2018,26,0.03294773103160538,0.03312958435207824,01
2019,26,0.03495743466274811,0.037682458386683736,01
2020,26,0.05425772057184693,0.061863117870722434,01
2021,26,0.03770564515811456,0.035221238938053095,01
2022,26,0.03538755901315326,0.04165680473372781,01
2023,26,0.033496759907351195,0.03255474452554744,01
2024,26,0.03628709366073513,0.03043324491600354,01
2012,36,0.020557714500214926,0.020917431192660547,01
2013,36,0.025410737822285114,0.025784313725490195,01
2014,36,0.027662646761317754,0.03495145631067961,01
2015,36,0.04238829265886667,0.045789473684210526,01
2016,36,0.04471310566464592,0.04847457627118644,01
2017,36,0.05017470092266937,0.049545454545454545,01
2018,36,0.04749030721453945,0.060833333333333336,01
2019,36,0.06275708088768384,0.07032608695652173,01
2020,36,0.07037095056585055,0.07149122807017544,01
2021,36,0.045671148933521595,0.05456140350877193,01
2022,36,0.05572935398030677,0.06709401709401709,01
2023,36,0.055042054798502375,0.05478632478632479,01
2024,36,0.07727309411355542,0.07759999999999999,01
2012,07,0.016650743550085185,0.018465160075329567,01
2013,07,0.018285287718133113,0.016624548736462092,01
2014,07,0.017166941166677288,0.014213715229964197,01
2015,07,0.017330319961486138,0.016033666491320358,01
2016,07,0.016189668883240915,0.0158909541511772,01
2017,07,0.01646263689893872,0.01586033117350612,01
2018,07,0.01679615248067905,0.015693104259825844,01
2019,07,0.01776009597293867,0.02017373646209386,01
2020,07,0.01862063395087682,0.014369328493647913,01
2021,07,0.016074753730815065,0.013548249359521777,01
2022,07,0.01765250521740952,0.01591382765531062,01
2023,07,0.018135607561542977,0.01657169459962756,01
2024,07,0.01799967971288103,0.015296819787985865,01
2012,38,0.027593698141777274,0.035150602409638555,01
2013,38,0.029891506856197937,0.03618181818181818,01
2014,38,0.033484428175442435,0.03824451410658307,01
2015,38,0.027213743757533597,0.03263610315186247,01
2016,38,0.0288208020723681,0.032492581602373886,01
2017,38,0.028601745581240765,0.0319578313253012,01
2018,38,0.03322650831185698,0.040028818443804036,01
2019,38,0.033096869958974935,0.03571875,01
2020,38,0.03288344238617778,0.03314285714285714,01
2021,38,0.03351609582302347,0.036158357771260995,01
2022,38,0.042401544567805975,0.05479784366576819,01
2023,38,0.03783328043201911,0.04145945945945946,01
2024,38,0.03941312170625485,0.04471590909090909,01
2012,32,0.015228581670586282,0.015331971399387129,01
2013,32,0.01431546962420838,0.015103734439834026,01
2014,32,0.01885197399713138,0.022921027592768792,01
2015,32,0.012648618770310155,0.01172509225092251,01
2016,32,0.01503239810826607,0.015585253456221198,01
2017,32,0.015780690308284103,0.02085279187817259,01
2018,32,0.015187377911451963,0.01706796116504854,01
2019,32,0.014970070854286525,0.016120000000000002,01
2020,32,0.022867689481657915,0.024156339370829363,01
2021,32,0.01599017412639683,0.018598039215686275,01
2022,32,0.022102872496026577,0.020578431372549017,01
2023,32,0.020105403729130583,0.022974358974358972,01
2024,32,0.032137788884431175,0.03535751295336787,01
2012,13,0.013459796583430179,0.021542857142857145,01
2013,13,0.015419631812802407,0.021827111984282905,01
2014,13,0.015314950033964039,0.023452830188679243,01
2015,13,0.014713498158334688,0.022574074074074073,01
2016,13,0.01553892299883744,0.023796133567662563,01
2017,13,0.015029010262811776,0.02365351629502573,01
2018,13,0.014168638556008186,0.023420195439739416,01
2019,13,0.01655762524516238,0.025271317829457365,01
2020,13,0.01409720691400239,0.02092375366568915,01
2021,13,0.015242398179355496,0.02279136690647482,01
2022,13,0.014516601333340245,0.023004059539918808,01
2023,13,0.01473946588633046,0.020564102564102564,01
2024,13,0.014520472361638897,0.018087167070217916,01
2012,19,0.03301128288472867,0.03190406976744186,01
2013,19,0.03609367524984345,0.03320754716981132,01
2014,19,0.035506814116244415,0.04289634146341464,01
2015,19,0.05443267623727297,0.05361549497847919,01
2016,19,0.03524808044078788,0.03565413533834587,01
2017,19,0.039598073443025184,0.03501440922190202,01
2018,19,0.033024133298201246,0.03390728476821192,01
2019,19,0.04523661435348632,0.04319602272727273,01
2020,19,0.04501947778101111,0.050642201834862385,01
2021,19,0.042035061932075124,0.049681335356600916,01
2022,19,0.041924601289611646,0.06325170068027211,01
2023,19,0.07157091058788351,0.05831536388140162,01
2024,19,0.040411344885966066,0.050040322580645155,01
2013,14,0.057196389536941936,0.05478260869565217,01
2014,14,0.05833556164124298,0.06254098360655738,01
2015,14,0.06093699174667656,0.06391100702576112,01
2016,14,0.05122644708012944,0.05849015317286652,01
2017,14,0.059155447889349844,0.06179954441913439,01
2018,14,0.060851543740500086,0.059385593220338984,01
2019,14,0.052609841817941226,0.056482617586912066,01
2020,14,0.07388673870609631,0.06544668587896253,01
2021,14,0.05976494654406659,0.060079575596816974,01
2022,14,0.06427308393554512,0.07022540983606558,01
2023,14,0.05794305307565377,0.052418181818181815,01
2024,14,0.06596553340022851,0.08060329067641682,01
2012,14,0.05603571935723015,0.04899456521739131,01
2013,23,0.04000424578895076,0.03691837358605931,01
2014,23,0.04134561881200636,0.04475007573462587,01
2015,23,0.03646482089151094,0.04700275206404804,01
2016,23,0.037898080186147036,0.04375894331315355,01
2017,23,0.03562991165834936,0.036036013813517516,01
2018,23,0.039864145403593676,0.046923270440251574,01
2019,23,0.042989375192046556,0.04273782430587164,01
2020,23,0.043202104953274194,0.039409683838160514,01
2021,23,0.04370608839384649,0.051673570836785414,01
2022,23,0.045332348772156424,0.04864101423487544,01
2023,23,0.04610767190103124,0.05223144972016609,01
2024,23,0.049330843423821213,0.045163949784523136,01
2012,23,0.0382901255956884,0.03536760124610592,01
2013,25,0.02121422512657737,0.01855263157894737,01
2014,25,0.021870722357259318,0.026408373117884684,01
2015,25,0.02337784360706012,0.021015965166908564,01
2016,25,0.02002531949493957,0.022486130374479888,01
2017,25,0.03209977568276343,0.031864883884588316,01
2018,25,0.021499921708039462,0.022707240293809026,01
2019,25,0.011569978325980747,0.011776050662061024,01
2020,25,0.012807784353470403,0.013324690290982426,01
2021,25,0.011554827000177655,0.015755517826825126,01
2022,25,0.012958654975437954,0.016056338028169016,01
2023,25,0.013123540561220271,0.017716514954486347,01
2024,25,0.012848766374704826,0.012957679505468379,01
2012,25,0.02002090606006577,0.018911646586345383,01
2013,37,0.048524430637389586,0.04024604569420035,01
2014,37,0.0549390177299348,0.055817152103559864,01
2015,37,0.05671872460433643,0.060479087452471485,01
2016,37,0.057421202508421844,0.052347629796839726,01
2017,37,0.05767224696332621,0.062273641851106634,01
2018,37,0.051549369184238865,0.06117981520966596,01
2019,37,0.057632242990904727,0.05933471933471934,01
2020,37,0.06645954864802979,0.07269079464988198,01
2021,37,0.058436786744441915,0.06035889070146819,01
2022,37,0.053596356625476856,0.05400749063670412,01
2023,37,0.054844989304466005,0.06607487922705314,01
2024,37,0.060622418911934706,0.06297004461440407,01
2012,37,0.0445502336488349,0.04483015741507871,01
2013,39,0.04034792429935101,0.05072868217054263,01
2014,39,0.04684112515155672,0.06065217391304348,01
2015,39,0.04361852882376227,0.052411021814006885,01
2016,39,0.04907592967326512,0.045338894681960375,01
2017,39,0.06416719192242147,0.06707920792079208,01
2018,39,0.05134366368967839,0.05870090634441087,01
2019,39,0.04900438291375232,0.04729699666295885,01
2020,39,0.04332524587930702,0.047728776185226016,01
2021,39,0.06173275671566638,0.0822920892494929,01
2022,39,0.0397392676212313,0.03680872150644202,01
2023,39,0.05062161979963581,0.0570777027027027,01
2024,39,0.061037908536535165,0.06373563218390804,01
2012,39,0.04509218215353224,0.04474065138721352,01
2012,M0,0.01350670549509568,0.016060179977502812,01
2013,M0,0.01377921621024841,0.014720462682456624,01
2014,M0,0.014905392736030828,0.016396270396270396,01
2015,M0,0.010977886647726283,0.013383233532934132,01
2016,M0,0.011422110301748025,0.015843451864700778,01
2017,M0,0.011426183635546296,0.014673295454545454,01
2018,M0,0.012622747458283911,0.014577294685990339,01
2019,M0,0.012186642008183285,0.013475832851916041,01
2020,M0,0.012446610803336615,0.014525787135406606,01
2021,M0,0.012443244365986613,0.015135730007336756,01
2022,M0,0.016083315781972987,0.01716923076923077,01
2023,M0,0.014548542839876534,0.015262217892515018,01
2024,M0,0.013000749028652666,0.016046474100371147,01
2012,05,0.025360753374593693,0.029416513761467887,04
2013,05,0.03450296354514174,0.028752260397830017,04
2014,05,0.03230862166980225,0.03737407407407407,04
2015,05,0.026306359580094953,0.024993026499302653,04
2016,05,0.026365504102490306,0.027139959432048683,04
2017,05,0.028828358350557425,0.028920624377283294,04
2018,05,0.03835328922571672,0.037412979351032445,04
2019,05,0.028152545130347914,0.02747625079164028,04
2020,05,0.03753268320157408,0.036387843704775685,04
2021,05,0.03035091559935731,0.03033119658119658,04
2022,05,0.027691428537647788,0.03079323797139142,04
2023,05,0.029423581401365327,0.025288822205551387,04
2024,05,0.030066578102438436,0.03337007504690431,04
2012,03,0.05565521869627604,0.05698947368421053,04
2013,03,0.06917785383467569,0.06973451327433629,04
2014,03,0.061293410237059864,0.06039138943248532,04
2015,03,0.06397163663769041,0.06710992907801419,04
2016,03,0.06984344614838699,0.07412199630314233,04
2017,03,0.07705188524401367,0.06750814332247558,04
2018,03,0.07884349415476219,0.07261217948717949,04
2019,03,0.0691833973027902,0.0680983606557377,04
2020,03,0.08133770554034814,0.07313014827018122,04
2021,03,0.07336529887448469,0.0794991652754591,04
2022,03,0.05433136961109375,0.054854517611026034,04
2023,03,0.06443716691382535,0.06253317249698433,04
2024,03,0.061719010792028885,0.06935914552736983,04
2012,40,0.051343272600059005,0.05971126082771896,04
2013,40,0.044511150209718894,0.053033248081841435,04
2014,40,0.08501269493682777,0.09499489795918367,04
2015,40,0.07240560450719327,0.0711813953488372,04
2016,40,0.05177161624398239,0.05758284600389863,04
2017,40,0.054431573748881225,0.07025474254742547,04
2018,40,0.085004200175207,0.11312015503875969,04
2019,40,0.10312997552162471,0.10520280811232449,04
2020,40,0.10291513655291953,0.11015737410071944,04
2021,40,0.161391152687666,0.16619962216624687,04
2022,40,0.13049165015288283,0.14001370801919122,04
2023,40,0.08058156059669612,0.07212807497071456,04
2024,40,0.12733459044554243,0.1345736434108527,04
2012,29,0.05135173192650207,0.07070342205323193,04
2013,29,0.04567343925605623,0.050042826552462526,04
2014,29,0.05688563459534877,0.06067178502879079,04
2015,29,0.04081273601597048,0.03883295194508009,04
2016,29,0.04387047951407079,0.046971046770601335,04
2017,29,0.05491085757669311,0.05041067761806982,04
2018,29,0.04712145666691922,0.05652351738241309,04
2019,29,0.05480629490189998,0.06162551440329218,04
2020,29,0.1020905197474385,0.10307101727447217,04
2021,29,0.06366578790771504,0.0660759493670886,04
2022,29,0.0643544146056635,0.06835403726708075,04
2023,29,0.050071923468113205,0.04626998223801066,04
2024,29,0.06781409140493083,0.07590250329380764,04
2012,10,0.015237869594318195,0.018463751438434983,04
2013,10,0.020307362278021438,0.020705622932745315,04
2014,10,0.01774395355168902,0.018993576017130618,04
2015,10,0.012739321016996555,0.014068736141906873,04
2016,10,0.012921173095975942,0.01563646470261256,04
2017,10,0.014040070490271802,0.015301822323462414,04
2018,10,0.01511349878032193,0.016831629908552984,04
2019,10,0.013175797903424255,0.01648783185840708,04
2020,10,0.016140609654556635,0.021650793650793653,04
2021,10,0.014866423534903686,0.01851586489252815,04
2022,10,0.01584893251227345,0.020291586998087956,04
2023,10,0.016133721430655883,0.02181022570244127,04
2024,10,0.018059890635277107,0.021288343558282206,04
2012,34,0.1050486951470925,0.11411575562700965,04
2013,34,0.13660629951723585,0.14740131578947369,04
2014,34,0.08995537587232731,0.08603448275862069,04
2015,34,0.12424032895287825,0.1269142857142857,04
2016,34,0.12819298784939998,0.14008116883116883,04
2017,34,0.12144688394791339,0.11631229235880398,04
2018,34,0.15847452025081737,0.17614478114478113,04
2019,34,0.18733849743641176,0.18425956738768717,04
2020,34,0.10677383789028275,0.1037966537966538,04
2021,34,0.2683667992393305,0.26910034602076127,04
2022,34,0.1438678622693529,0.1317684887459807,04
2023,34,0.12970057132357066,0.15482722513089006,04
2024,34,0.12818827474349112,0.12177927927927928,04
2012,31,0.041707043686388535,0.041176470588235294,04
2013,31,0.053214301576115806,0.06369863013698629,04
2014,31,0.06444029268384896,0.07666947014297729,04
2015,31,0.05359456585522406,0.057941429801894914,04
2016,31,0.047645540119966426,0.04591276252019386,04
2017,31,0.05104493389412069,0.05944615384615385,04
2018,31,0.05090388072823697,0.05486619718309859,04
2019,31,0.06932503588959509,0.06819047619047619,04
2020,31,0.06804154950877862,0.07571929824561403,04
2021,31,0.12399696815757363,0.126949524506218,04
2022,31,0.05782531987924139,0.06545227698066126,04
2023,31,0.06686154660880392,0.14157157676348547,04
2024,31,0.06986116249499022,0.07047673750717978,04
2012,02,0.020471766985267793,0.01891186353062807,04
2013,02,0.028715091285878673,0.034161108260646486,04
2014,02,0.029987572113139106,0.03080068982508007,04
2015,02,0.02594768487482122,0.02350615114235501,04
2016,02,0.034539808545292386,0.03841675617615468,04
2017,02,0.02964153397062185,0.03287079434600836,04
2018,02,0.032309664270892664,0.03528620204860414,04
2019,02,0.03448758595376329,0.03257988629680455,04
2020,02,0.0368766131229497,0.0365320530923468,04
2021,02,0.03909740337752029,0.04647887323943662,04
2022,02,0.0426001348293684,0.04245715316615551,04
2023,02,0.03289884624895656,0.03199566522174058,04
2024,02,0.0354514261138761,0.03235353197187814,04
2012,01,0.018115718746754356,0.01706896551724138,04
2013,01,0.017104783937437036,0.020086358829749736,04
2014,01,0.020725447515776912,0.020941336971350612,04
2015,01,0.02138962913181673,0.024409461935698817,04
2016,01,0.0216552395913885,0.02318212365591398,04
2017,01,0.020376352244581668,0.020189668465690053,04
2018,01,0.02697503074267473,0.02750076710647438,04
2019,01,0.025922573389857997,0.03070438967478489,04
2020,01,0.024900325021338775,0.023678686759956942,04
2021,01,0.02579942897250475,0.02966627404789949,04
2022,01,0.03080977195106443,0.031032615236490556,04
2023,01,0.022579977592342,0.022452267961593643,04
2024,01,0.024427492329524455,0.022663556471737005,04
2012,21,0.06949498095036998,0.06957894736842105,04
2013,21,0.07540653730115052,0.08089320388349514,04
2014,21,0.0743000846995599,0.06694682675814752,04
2015,21,0.07087591591316687,0.0744694533762058,04
2016,21,0.07340516596289706,0.07897651006711409,04
2017,21,0.076171641772759,0.08248012718600954,04
2018,21,0.07469763233182863,0.06777777777777777,04
2019,21,0.113242683801908,0.1027910447761194,04
2020,21,0.15079939472631398,0.1462310606060606,04
2021,21,0.09449273586712179,0.08957009345794392,04
2022,21,0.09653425428591214,0.09819334389857369,04
2023,21,0.08073181238504605,0.06743554952510177,04
2024,21,0.07612090140630051,0.07572474377745242,04
2023,24,0.02039493553670275,0.024330767320586043,04
2024,24,0.019869378094447786,0.022957188814649837,04
2012,24,0.013040482785515556,0.014578644661165291,04
2013,24,0.015390663234967523,0.017580729166666666,04
2014,24,0.01451000113060878,0.01698660103910309,04
2015,24,0.014863639017178748,0.015692058346839545,04
2016,24,0.012549823256879686,0.01583482302466929,04
2017,24,0.017011588944787482,0.015594789166952349,04
2018,24,0.014952568632083782,0.015901691669326524,04
2019,24,0.013275268850828411,0.012356377799415775,04
2020,24,0.013987803490679036,0.014683267802533857,04
2021,24,0.01698821453168797,0.017402397786658468,04
2022,24,0.019511528590079093,0.022344220025784272,04
2012,17,0.041039639940125376,0.03478378378378379,04
2013,17,0.039188609706171475,0.041250589900896646,04
2014,17,0.04949551258797959,0.047969365426695845,04
2015,17,0.0513041371744419,0.053635250917992656,04
2016,17,0.050239991202716085,0.04275752773375594,04
2017,17,0.046646109644049034,0.04348750466243939,04
2018,17,0.050206456087416605,0.04854234823700472,04
2019,17,0.04341083932867138,0.039322331460674154,04
2020,17,0.03313323028608385,0.03151869158878505,04
2021,17,0.03985349399550461,0.044007480630510284,04
2022,17,0.05431287603970732,0.05266038696537678,04
2023,17,0.054604324704200284,0.048256083429895714,04
2024,17,0.057306442879798324,0.05641267906126181,04
2012,15,0.027811336132175853,0.0304031465093412,04
2013,15,0.03297418292752188,0.02922690763052209,04
2014,15,0.03991430889774404,0.04375605033881898,04
2015,15,0.05568169012125221,0.05894329896907217,04
2016,15,0.0263820614092488,0.02734573119188504,04
2017,15,0.03097956216258348,0.030955574182732606,04
2018,15,0.03610506232204998,0.03878995433789954,04
2019,15,0.03121058512921388,0.034359939759036146,04
2020,15,0.03479391246532205,0.03441791044776119,04
2021,15,0.043233856314405635,0.04591939546599497,04
2022,15,0.030277214589953864,0.0353810623556582,04
2023,15,0.0362050911388069,0.04275545350172216,04
2024,15,0.030321375145268222,0.03541397533763946,04
2012,16,0.03925749194769311,0.05019859813084112,04
2013,16,0.04463251688063962,0.04449942462600691,04
2014,16,0.04793885951723284,0.05417130144605117,04
2015,16,0.042433041365375956,0.035896017699115046,04
2016,16,0.040906904924595755,0.03557471264367816,04
2017,16,0.04679182953668926,0.04554133858267717,04
2018,16,0.05412926790789803,0.05458333333333334,04
2019,16,0.049130821147070236,0.04863323500491642,04
2020,16,0.08083328875364823,0.08231884057971015,04
2021,16,0.071686884794707,0.07845397676496872,04
2022,16,0.05000505418208348,0.04856262833675564,04
2023,16,0.04820414611557895,0.05121761658031088,04
2024,16,0.05833376524065748,0.05719166666666666,04
2012,27,0.026336204030828272,0.024868943606036534,04
2013,27,0.029484592437156423,0.032188564937523666,04
2014,27,0.028042754915706933,0.032372971534982704,04
2015,27,0.025410443767750056,0.02772138514406556,04
2016,27,0.022608306430925835,0.027064128256513026,04
2017,27,0.023271147021485,0.023519728879206003,04
2018,27,0.02308651858243935,0.02434699714013346,04
2019,27,0.021843982231353712,0.02205012418153082,04
2020,27,0.024524755086400844,0.029956427015250545,04
2021,27,0.026304447411877527,0.031277754503560955,04
2022,27,0.02679441934371617,0.02694526941026729,04
2023,27,0.02538412475202922,0.024812812812812814,04
2024,27,0.026713034451564643,0.02972639179175375,04
2012,20,0.09272967875300926,0.09326388888888888,04
2013,20,0.10136137018701673,0.09535714285714285,04
2014,20,0.08000217780994351,0.0958125,04
2015,20,0.11553099663764563,0.11316939890710383,04
2016,20,0.11504727994541665,0.11634146341463414,04
2017,20,0.11314296040908352,0.11593908629441624,04
2018,20,0.08391299319494325,0.08833333333333333,04
2019,20,0.12020099817896987,0.12772151898734177,04
2020,20,0.16233484430519868,0.16874172185430464,04
2021,20,0.1296336761199949,0.1426993865030675,04
2022,20,0.11221725403126738,0.14384615384615385,04
2023,20,0.11397341690977304,0.10769565217391304,04
2024,20,0.12703709353429118,0.13344978165938864,04
2012,41,0.029847704777513848,0.030543302850995158,04
2013,41,0.026419539791527794,0.028028277918921905,04
2014,41,0.02144558970591494,0.023769079015678537,04
2015,41,0.031515907781455216,0.03285260601531852,04
2016,41,0.031025094194207514,0.029373709566414316,04
2017,41,0.02643589239610454,0.02558489520819869,04
2018,41,0.030718221544921827,0.028258755665430575,04
2019,41,0.02229837993890324,0.021880222841225625,04
2020,41,0.020883339915166305,0.020924710268255126,04
2021,41,0.024806755802802286,0.028835129389340956,04
2022,41,0.02155024462721569,0.02451664447403462,04
2023,41,0.02464673448137977,0.026169857458102228,04
2024,41,0.026843607101885283,0.030887009817830997,04
2012,28,0.04612146970124466,0.05216619981325864,04
2013,28,0.06633591641380965,0.07252559726962457,04
2014,28,0.0532670049300114,0.06004215851602023,04
2015,28,0.07048506206026654,0.077908611599297,04
2016,28,0.04478881539241641,0.0540343347639485,04
2017,28,0.04715944098574886,0.056496227996647115,04
2018,28,0.04966043674168443,0.05698234349919743,04
2019,28,0.0590848586931229,0.05786718749999999,04
2020,28,0.08398282608770104,0.08259564891222805,04
2021,28,0.060562020104781726,0.06425818882466282,04
2022,28,0.08844115665689187,0.09508948545861298,04
2023,28,0.05307340171775041,0.05907138711549623,04
2024,28,0.05528552320603147,0.057259668508287294,04
2012,30,0.087903737935519,0.0876923076923077,04
2013,30,0.09359821184121875,0.09044585987261146,04
2014,30,0.06779418278156092,0.07693181818181817,04
2015,30,0.05776656478086531,0.057999999999999996,04
2016,30,0.04077883264645312,0.04271186440677966,04
2017,30,0.06029982548979372,0.05232954545454546,04
2018,30,0.0678693532727924,0.0711173184357542,04
2019,30,0.06719675196317103,0.06616666666666667,04
2020,30,0.06889883892095446,0.0683695652173913,04
2021,30,0.06726703222628565,0.0775943396226415,04
2022,30,0.11923280056533223,0.12200819672131147,04
2023,30,0.07034771436385538,0.06276470588235294,04
2024,30,0.06423636946469012,0.05860465116279069,04
2012,18,0.04765315121606978,0.05094311377245509,04
2013,18,0.06802653607299125,0.06511513157894737,04
2014,18,0.06334405877634185,0.06187675070028011,04
2015,18,0.06502068642697911,0.06234159779614325,04
2016,18,0.0670913762564506,0.07733242134062927,04
2017,18,0.06345220249713682,0.06828608247422681,04
2018,18,0.0724311749155017,0.07840667678300456,04
2019,18,0.07159987191423514,0.06313513513513513,04
2020,18,0.08600895594825793,0.07444015444015445,04
2021,18,0.08015619870595406,0.08102011494252874,04
2022,18,0.07831374555003612,0.08764705882352941,04
2023,18,0.07864212094474042,0.08556566970091027,04
2024,18,0.07442055134593725,0.07326086956521739,04
2012,09,0.029850509260488156,0.03913223140495868,04
2013,09,0.029646060237051238,0.03570075757575758,04
2014,09,0.033289431295108814,0.04023850085178876,04
2015,09,0.029548336786431945,0.039542961608775136,04
2016,09,0.026602070628206704,0.033470715835140996,04
2017,09,0.029631141160755315,0.03578093306288033,04
2018,09,0.03014368595653495,0.034523809523809526,04
2019,09,0.026467509973277528,0.02711281070745698,04
2020,09,0.03419210605765904,0.03881132075471698,04
2021,09,0.03298004492537339,0.044199655765920824,04
2022,09,0.030842264230723983,0.03694524495677234,04
2023,09,0.031002290982540655,0.037616438356164385,04
2024,09,0.039361348053541856,0.042796352583586626,04
2012,22,0.06808729594742292,0.07117021276595745,04
2013,22,0.08265227589599673,0.08540856031128405,04
2014,22,0.23703153448136,0.25123486682808716,04
2015,22,0.2939512542507719,0.28977653631284916,04
2016,22,0.3319064777423749,0.3311139240506329,04
2017,22,0.08449061632785736,0.10284615384615384,04
2018,22,0.0878630915146569,0.09665480427046264,04
2019,22,0.14417133138657062,0.14722929936305731,04
2020,22,0.09238106988572617,0.09198067632850242,04
2021,22,0.3024734110382991,0.3182894736842105,04
2022,22,0.1422456820412997,0.14333333333333334,04
2023,22,0.10161247570220094,0.10571428571428572,04
2024,22,0.1332703095998651,0.14259398496240602,04
2012,08,0.059404253564737663,0.0539468085106383,04
2013,08,0.06455087551617779,0.06259825327510918,04
2014,08,0.07189276233373619,0.07838362068965517,04
2015,08,0.06138873399000913,0.0628238039673279,04
2016,08,0.057117607527174714,0.05125797629899726,04
2017,08,0.05468399033190582,0.05616585365853659,04
2018,08,0.06066973740340223,0.06241652021089631,04
2019,08,0.05341070908864008,0.049697732997481106,04
2020,08,0.12750541610911853,0.1299913569576491,04
2021,08,0.07404007429834816,0.07267952127659574,04
2022,08,0.06966745565542577,0.074797507788162,04
2023,08,0.06776118430804808,0.1695311004784689,04
2024,08,0.05976813517098934,0.0648733821046708,04
2012,11,0.07301087552362481,0.08264150943396227,04
2013,11,0.10010863441444975,0.101875,04
2014,11,0.09498485317161123,0.10331460674157304,04
2015,11,0.09636204932444638,0.10308333333333333,04
2016,11,0.087328030125314,0.08266666666666667,04
2017,11,0.09026574988984952,0.11660714285714287,04
2018,11,0.08864527376814274,0.08356643356643356,04
2019,11,0.0826125212134897,0.08008130081300813,04
2020,11,0.0973665910479613,0.10492063492063493,04
2021,11,0.14062409358264083,0.15493589743589745,04
2022,11,0.1027541245043431,0.14311827956989248,04
2023,11,0.09020277063173822,0.08335260115606936,04
2024,11,0.11694876491622822,0.08792207792207792,04
2012,06,0.05182863608604747,0.04773899848254932,04
2013,06,0.04580322315421471,0.053003533568904596,04
2014,06,0.064355441283952,0.06112667091024825,04
2015,06,0.0678910152843947,0.06256566890653635,04
2016,06,0.05101227517748877,0.05309027777777778,04
2017,06,0.050283621326183456,0.046421866372170065,04
2018,06,0.05895649101198631,0.065923273657289,04
2019,06,0.06929955280897064,0.0710560625814863,04
2020,06,0.07414708360365362,0.07891504229496138,04
2021,06,0.06265556676996088,0.057321596982081106,04
2022,06,0.05455356375729574,0.055508692852543465,04
2023,06,0.06561698374891414,0.058921865536038766,04
2024,06,0.09343139981807962,0.07718528252299606,04
2012,04,0.02176318356270579,0.023963207715663508,04
2013,04,0.02656491941975008,0.02468554551772064,04
2014,04,0.02610076851689954,0.030136273982427828,04
2015,04,0.03162856445084887,0.032701924806619896,04
2016,04,0.027708756147526253,0.029079409697821506,04
2017,04,0.03159980130381277,0.03707704654895666,04
2018,04,0.029909430072232093,0.030282507015902717,04
2019,04,0.030978101180457907,0.029518213866039953,04
2020,04,0.02919423743118482,0.029258105880197838,04
2021,04,0.029859360288154828,0.031105527638190956,04
2022,04,0.03134983354238273,0.031180305369703207,04
2023,04,0.030252513313396047,0.030983247220917488,04
2024,04,0.03540976708893197,0.03762451557341754,04
2012,35,0.029383445587657573,0.03355688622754491,04
2013,35,0.037664311489036865,0.039443742098609354,04
2014,35,0.02950830165893155,0.031597701149425284,04
2015,35,0.03496566907634572,0.033545258620689654,04
2016,35,0.033214445694739206,0.027494780793319417,04
2017,35,0.035146108305391256,0.03657819905213271,04
2018,35,0.03449574491301928,0.035358527131782946,04
2019,35,0.03466742378516902,0.03505344995140913,04
2020,35,0.04689781758685049,0.05030989272943981,04
2021,35,0.04811419411357045,0.05254377880184331,04
2022,35,0.034846446398061316,0.033447669305189096,04
2023,35,0.049793435930298426,0.04703225806451613,04
2024,35,0.04119150506159974,0.04469387755102041,04
2012,33,0.08648077974850141,0.09637053087757314,04
2013,33,0.06061584822285295,0.07195876288659794,04
2014,33,0.0954949380881862,0.108696558915537,04
2015,33,0.06569729417116407,0.06082672706681767,04
2016,33,0.13463391331076935,0.12850622406639003,04
2017,33,0.09647549998642271,0.08983067729083666,04
2018,33,0.07704427597441224,0.09694524495677234,04
2019,33,0.06420830926775596,0.06450790861159929,04
2020,33,0.2249670590637095,0.24886135298057602,04
2021,33,0.09173789372184876,0.08407407407407408,04
2022,33,0.07236262403644643,0.08455406471981057,04
2023,33,0.06429057271853508,0.06673063255152807,04
2024,33,0.16052311684655618,0.16273809523809524,04
2012,12,0.013677237584708766,0.014866627148784823,04
2013,12,0.013641989535181212,0.014492428491306787,04
2014,12,0.013918699340116454,0.015926724137931034,04
2015,12,0.014884694462211199,0.014483853890947591,04
2016,12,0.01313261609296549,0.015430134261561413,04
2017,12,0.013731168448654954,0.017016604177825388,04
2018,12,0.01435279294293814,0.016935318275154005,04
2019,12,0.01355568626133606,0.014352090862157977,04
2020,12,0.014020878839370683,0.015782698249227598,04
2021,12,0.015224127052909679,0.015535894843276037,04
2022,12,0.018851568486959503,0.02248108925869894,04
2023,12,0.020314003531959758,0.02483955812730142,04
2024,12,0.016569380137673662,0.018261738261738263,04
2012,26,0.046503909953169775,0.047912687585266026,04
2013,26,0.06995025720250181,0.066594301221166885,04
2014,26,0.058406832886625855,0.0678042328042328,04
2015,26,0.052408528892481536,0.05848413631022327,04
2016,26,0.05512201947474001,0.05722838137472284,04
2017,26,0.05712368348579561,0.04548218029350105,04
2018,26,0.060397251807709246,0.06091225021720243,04
2019,26,0.05452021597264511,0.059634489222118094,04
2020,26,0.10729947439901258,0.11692708333333333,04
2021,26,0.08161870593252636,0.08422400000000001,04
2022,26,0.07596502588695253,0.07575256107171001,04
2023,26,0.06449638323124385,0.059172413793103444,04
2024,26,0.05788588728708986,0.05429200293470286,04
2012,36,0.04321370951675336,0.03952380952380953,04
2013,36,0.048436086142922115,0.04366071428571428,04
2014,36,0.05323193448116972,0.05747826086956522,04
2015,36,0.06929248795269485,0.06253731343283582,04
2016,36,0.0838461343824947,0.09268292682926829,04
2017,36,0.11000164298424021,0.12199999999999998,04
2018,36,0.08324915653470467,0.08674603174603174,04
2019,36,0.10402437454667209,0.10247191011235954,04
2020,36,0.11350411729165179,0.11176470588235295,04
2021,36,0.08188140683212586,0.0838793103448276,04
2022,36,0.12490803471955275,0.1196376811594203,04
2023,36,0.10007167851150542,0.08524475524475524,04
2024,36,0.1991641910110438,0.20142857142857143,04
2012,07,0.04017551128870168,0.044396417445482866,04
2013,07,0.039252797649972575,0.04263752276867031,04
2014,07,0.03991524588926246,0.031203847347192056,04
2015,07,0.05082849757061358,0.05192442882249561,04
2016,07,0.03606002076588504,0.03654227405247813,04
2017,07,0.04680990305629363,0.050458989679522,04
2018,07,0.04711264723389553,0.05195232690124858,04
2019,07,0.04617971851908368,0.06075389726552517,04
2020,07,0.048419444060238036,0.049129946674151,04
2021,07,0.04854250507256798,0.04774386920980926,04
2022,07,0.05043348073819015,0.04784611216472501,04
2023,07,0.07324303975769388,0.07367082533589252,04
2024,07,0.06211220158609267,0.059075471698113204,04
2012,38,0.05682952555664882,0.06687697160883281,04
2013,38,0.059816408146102854,0.05899665551839465,04
2014,38,0.06838025306875756,0.07054237288135592,04
2015,38,0.06315980738463046,0.059566473988439304,04
2016,38,0.06337796409116604,0.058258258258258255,04
2017,38,0.06021544049787789,0.05482035928143712,04
2018,38,0.06043116416989667,0.05520376175548589,04
2019,38,0.08116238241242349,0.09019672131147541,04
2020,38,0.07514774524893572,0.08413669064748201,04
2021,38,0.08549132941829167,0.09071917808219178,04
2022,38,0.09547569452492259,0.10772036474164133,04
2023,38,0.09049915817493134,0.08834437086092715,04
2024,38,0.10148884214689159,0.1092356687898089,04
2012,32,0.02910887618064673,0.03236378205128205,04
2013,32,0.03090063846832794,0.034161896974652495,04
2014,32,0.029419137564706228,0.03362509682416731,04
2015,32,0.026126187586813426,0.0245071482317532,04
2016,32,0.04389853238734021,0.04281509433962264,04
2017,32,0.029436124500468126,0.03367683429513603,04
2018,32,0.029520851067543097,0.02925060435132957,04
2019,32,0.029600917818462958,0.03218723404255319,04
2020,32,0.030256591332535814,0.032807323452484743,04
2021,32,0.03506860691301272,0.030360065466448448,04
2022,32,0.0357241717354474,0.035988562091503265,04
2023,32,0.0327549975483876,0.039402460456942005,04
2024,32,0.02973191580063676,0.03255555555555555,04
2012,13,0.02006821842919337,0.0234014598540146,04
2013,13,0.0279797232918704,0.029915254237288136,04
2014,13,0.023346961137846827,0.028083916083916083,04
2015,13,0.02017257920053518,0.023306010928961746,04
2016,13,0.019609577671848687,0.024666666666666663,04
2017,13,0.02510422541175807,0.02742177722152691,04
2018,13,0.022863327269994634,0.03025485436893204,04
2019,13,0.02408876894410019,0.030291970802919708,04
2020,13,0.02208667020381763,0.025476451259583793,04
2021,13,0.02325465586542397,0.027822838847385272,04
2022,13,0.023239365859483035,0.027188434695912263,04
2023,13,0.02419770244156021,0.030258449304174952,04
2024,13,0.025370728420684035,0.030614973262032087,04
2012,19,0.05518022004203492,0.05465230166503428,04
2013,19,0.052289267510344524,0.05519167579408543,04
2014,19,0.05559996183585023,0.0541304347826087,04
2015,19,0.059303324878000045,0.064794921875,04
2016,19,0.057220293230573184,0.05712355212355212,04
2017,19,0.06492285962273944,0.069641434262948207,04
2018,19,0.06295168730627047,0.06602799650043745,04
2019,19,0.09638850500335618,0.08663236669784846,04
2020,19,0.07618970385004262,0.07960431654676259,04
2021,19,0.08557841051728043,0.10280701754385965,04
2022,19,0.07565538616265242,0.07329805996472663,04
2023,19,0.08029499057430663,0.0691286307053942,04
2024,19,0.0812936248581358,0.08354202401372213,04
2013,14,0.0761925880109562,0.07864889705882352,04
2014,14,0.0669621115735221,0.06882988298829883,04
2015,14,0.07049470856822021,0.086512370311253,04
2016,14,0.0500384348562718,0.05984592809977989,04
2017,14,0.07188010023303792,0.07816998468606431,04
2018,14,0.06691957482599666,0.07529093369418133,04
2019,14,0.06185038393854956,0.06968503937007874,04
2020,14,0.08670517558366367,0.08097517730496454,04
2021,14,0.07417515069046389,0.073239901071723,04
2022,14,0.07130584888397862,0.0715921963499056,04
2023,14,0.06733296133381295,0.057916666666666665,04
2024,14,0.07903938729942893,0.09046820809248554,04
2012,14,0.06183526490257337,0.05487829614604462,04
2013,23,0.05662820682623662,0.04989136994568497,04
2014,23,0.06746513293876039,0.06054308617234469,04
2015,23,0.0650861431772832,0.06304921596025462,04
2016,23,0.06775512096652259,0.0657305759567066,04
2017,23,0.06686824372587499,0.06692369867442613,04
2018,23,0.07272990388386334,0.07808248691905202,04
2019,23,0.07488652130896528,0.08410684240044869,04
2020,23,0.0812011211620851,0.07122164276401564,04
2021,23,0.07347372961465284,0.07822603891424453,04
2022,23,0.07396757418323874,0.08005486215882594,04
2023,23,0.08281557350434444,0.08879506752789196,04
2024,23,0.08970230803347162,0.09310133562063472,04
2012,23,0.07053137559898291,0.06999788672865596,04
2013,25,0.04275898322389995,0.04056980056980057,04
2014,25,0.03919874186152146,0.04263573795564619,04
2015,25,0.03816906296394746,0.03526577638125164,04
2016,25,0.033441993011791585,0.035185375901132854,04
2017,25,0.04283617229728877,0.038642688369650825,04
2018,25,0.03872593011709599,0.042009876543209874,04
2019,25,0.01985655262034695,0.020579979360165118,04
2020,25,0.02044637841404293,0.020379926859000405,04
2021,25,0.020543364114325856,0.02228888888888889,04
2022,25,0.022588371113710568,0.023372422924153584,04
2023,25,0.023827933656228498,0.025459985041136873,04
2024,25,0.027205820013235536,0.029054097829608033,04
2012,25,0.02855565060706088,0.024009632751354607,04
2013,37,0.06693227088656199,0.061974808816914084,04
2014,37,0.07723647472412251,0.06260219780219779,04
2015,37,0.09705419115685557,0.10755230951440979,04
2016,37,0.06822984850384584,0.0585487906588824,04
2017,37,0.08765388402403115,0.10026647966339411,04
2018,37,0.07897131428533595,0.07997400668399554,04
2019,37,0.07632662519859745,0.07484150943396227,04
2020,37,0.10275447487066755,0.10339657059467348,04
2021,37,0.0941155128761217,0.09901035673187572,04
2022,37,0.07656590603827208,0.07094901377000372,04
2023,37,0.07055614123725074,0.08162375037867313,04
2024,37,0.09048307785331834,0.08842203548085902,04
2012,37,0.06212868436326652,0.06674389739346297,04
2013,39,0.08886029586818597,0.09492481203007519,04
2014,39,0.09405132702069935,0.10872912801484229,04
2015,39,0.0804860415947995,0.08922089825847847,04
2016,39,0.095021194641007,0.10325763508222398,04
2017,39,0.1311581831687508,0.13275551921504497,04
2018,39,0.09698151373707845,0.09234309623430961,04
2019,39,0.07841283069209112,0.07056030389363722,04
2020,39,0.07252591970628086,0.08346153846153846,04
2021,39,0.18002190221914927,0.18335365853658536,04
2022,39,0.07539404221839426,0.06932013769363167,04
2023,39,0.132794154165369,0.13777777777777778,04
2024,39,0.08552467832625794,0.09446464646464646,04
2012,39,0.06083940061876087,0.06282105263157894,04
2012,M0,0.024404431840157753,0.027266821345707657,04
2013,M0,0.028376815799935107,0.031298467087466184,04
2014,M0,0.02595983740393433,0.027373271889400922,04
2015,M0,0.023011008162444228,0.025246880086814975,04
2016,M0,0.021579244283192967,0.026314424074714633,04
2017,M0,0.021544292529181146,0.023646842632809893,04
2018,M0,0.022479898559279902,0.024842036339826484,04
2019,M0,0.022656645287063345,0.02230745098039216,04
2020,M0,0.02499768645404315,0.02638654194327097,04
2021,M0,0.02393846264804005,0.030002818886539818,04
2022,M0,0.03034799067354216,0.032719891745602164,04
2023,M0,0.02109783040375519,0.020990683637317938,04
2024,M0,0.024634205796955955,0.02638071693448702,04
